t,Cov0,Cov1,Cov2,Cov3,Cov4,Cov5,Cov6,Cov7,Cov8,Cov9,Cov10,Cov11,Cov12,Cov13,Cov14,Cov15,Cov16,Cov17,Cov18,Cov19,Cov20,Cov21,Cov22,Cov23,Cov24,Cov25,Cov26,Cov27,Cov28,Cov29,Cov30,Cov31,Cov32,Cov33,Cov34,Cov35,Cov36,Cov37,Cov38,Cov39,Cov40,Cov41,Cov42,Cov43,Cov44,Cov45,Cov46,Cov47,Cov48,Cov49,Cov50,Cov51,Cov52,Cov53,Cov54,Cov55,Cov56,Cov57,Cov58,Cov59,Cov60,Cov61,Cov62,Cov63,Cov64,Cov65,Cov66,Cov67,Cov68,Cov69,Cov70,Cov71,Cov72,Cov73,Cov74,Cov75,Cov76,Cov77,Cov78,Cov79,Cov80,Cov81,Cov82,Cov83,Cov84,Cov85,Cov86,Cov87,Cov88,Cov89,Cov90,Cov91,Cov92,Cov93,Cov94,Cov95,Cov96,Cov97,Cov98,Cov99
0,0,0,0,0,0,0,0,0,0,0,0,0,0,0,0,0,0,0,0,0,0,0,0,0,0,0,0,0,0,0,0,0,0,0,0,0,0,0,0,0,0,0,0,0,0,0,0,0,0,0,0,0,0,0,0,0,0,0,0,0,0,0,0,0,0,0,0,0,0,0,0,0,0,0,0,0,0,0,0,0,0,0,0,0,0,0,0,0,0,0,0,0,0,0,0,0,0,0,0,0
0.010101,0,0.010086,0.00984187,0.0100523,0.00988279,0.00991709,0.00970759,0.00971335,0.0096137,0.00934612,0.00932379,0.00937138,0.00934763,0.00937468,0.00950114,0.00967277,0.00968764,0.00970108,0.00965848,0.00970816,0.00985893,0.00994448,0.0102377,0.0101774,0.0101189,0.0102809,0.0102549,0.0100219,0.00989536,0.00982738,0.00992019,0.0100016,0.00988246,0.0099124,0.00978201,0.00969876,0.00947827,0.00939908,0.00947668,0.00943664,0.00959836,0.00954901,0.00946724,0.00954101,0.00968101,0.0096672,0.00955,0.00950584,0.00961011,0.00963799,0.00989579,0.0101519,0.0101016,0.00988709,0.00963661,0.00949491,0.00939353,0.00930952,0.00917394,0.00908125,0.00924976,0.00937713,0.00943707,0.0094051,0.00932792,0.00934181,0.00952023,0.00925784,0.00917254,0.0090653,0.00879797,0.00864375,0.00856014,0.0087897,0.00884289,0.00862077,0.00847562,0.0087383,0.00883427,0.00923452,0.0091751,0.00909554,0.00862525,0.00858254,0.00846847,0.00838312,0.00814588,0.00830299,0.00819795,0.00818834,0.00839962,0.00853969,0.00836947,0.00841143,0.00840248,0.0081905,0.00817877,0.00834429,0.00821001,0.00847745
0.020202,0,0.00984187,0.0196803,0.0199712,0.0198985,0.0199748,0.0196266,0.0196689,0.0195582,0.0192995,0.0194203,0.0196679,0.0197334,0.0198828,0.0199251,0.0201404,0.0202517,0.0202969,0.0202285,0.0202194,0.0203058,0.0203099,0.0206061,0.0207763,0.0205352,0.0205638,0.020541,0.0204445,0.0203187,0.0203762,0.0202652,0.0204497,0.0204098,0.0204663,0.0204347,0.0204293,0.0200774,0.0197434,0.0196671,0.0194727,0.0198847,0.019888,0.0197613,0.0200877,0.0200705,0.0200521,0.0199759,0.020012,0.0199903,0.0201605,0.0206129,0.0209262,0.0209175,0.0206723,0.0203496,0.0201293,0.0199245,0.020094,0.0201193,0.0200105,0.0201422,0.0202367,0.0202933,0.0201191,0.0199392,0.0200031,0.020177,0.0199327,0.0196282,0.0194142,0.0192007,0.0191797,0.0189672,0.0192299,0.0192275,0.0190389,0.018802,0.0190403,0.018933,0.0194576,0.0193232,0.0190512,0.0188901,0.0188664,0.0188751,0.0187872,0.0184962,0.0185447,0.0183815,0.0182381,0.0184298,0.0188134,0.01846,0.0186911,0.0186866,0.0184856,0.0181925,0.0184576,0.0181099,0.0180837
0.030303,0,0.0100523,0.0199712,0.0307606,0.0305929,0.0305003,0.030021,0.0299369,0.0298135,0.0294328,0.0295297,0.0297962,0.0299093,0.0301472,0.0301049,0.0304091,0.030415,0.0301906,0.0300726,0.0301427,0.0301571,0.0302797,0.0307482,0.0309366,0.0305106,0.0306786,0.0307658,0.0306383,0.0307004,0.030493,0.0304408,0.0305807,0.0302879,0.0305683,0.0306209,0.0305325,0.0302053,0.0299259,0.0298396,0.0297622,0.0300878,0.0299842,0.0300025,0.0301166,0.030055,0.03021,0.0300999,0.0300654,0.029996,0.0305092,0.0310293,0.0312352,0.0312123,0.031046,0.0306582,0.0305705,0.0300497,0.0300285,0.0300857,0.0298207,0.02993,0.0300426,0.0302883,0.0300673,0.0301118,0.0301235,0.0305349,0.0303339,0.0299408,0.0296219,0.0293321,0.0292611,0.0290238,0.0292348,0.0291923,0.0291847,0.0289578,0.0291255,0.0289805,0.0296588,0.02955,0.0294421,0.029432,0.0294513,0.0293155,0.028901,0.0286588,0.0290522,0.0289871,0.0291233,0.0290965,0.0293691,0.0292638,0.0294216,0.029506,0.0294627,0.0289344,0.0294217,0.0289855,0.0291257
0.040404,0,0.00988279,0.0198985,0.0305929,0.0411879,0.041078,0.0407075,0.040342,0.0401209,0.0397421,0.0397425,0.0400331,0.0401786,0.0405558,0.0404302,0.0408718,0.0410064,0.040818,0.0406854,0.0406735,0.0408981,0.0409241,0.0413743,0.0415949,0.0412421,0.0414011,0.0414903,0.0412927,0.0414072,0.0411086,0.0409402,0.04098,0.0406292,0.040957,0.0411952,0.0412203,0.0410291,0.040846,0.0407663,0.040819,0.0409687,0.0410477,0.0413329,0.0417428,0.0416547,0.0422119,0.0421363,0.0419777,0.0419474,0.0423607,0.0429641,0.043125,0.042977,0.0427227,0.0422604,0.0420239,0.0414202,0.0413434,0.0413549,0.0410892,0.0411235,0.0414956,0.0415249,0.0412372,0.0414507,0.0416008,0.0420477,0.0418949,0.0414207,0.040793,0.0403366,0.040122,0.0398465,0.040082,0.0398836,0.0395179,0.0395364,0.0398179,0.0396927,0.0401891,0.0399333,0.0394104,0.0392978,0.0391358,0.039017,0.0386233,0.0385065,0.0388868,0.0387394,0.038881,0.0389979,0.0394195,0.0390393,0.0392533,0.0391522,0.0389211,0.0384342,0.038822,0.0381574,0.0383861
0.0505051,0,0.00991709,0.0199748,0.0305003,0.041078,0.0514593,0.0510682,0.0507406,0.0505873,0.0500308,0.0499569,0.0503726,0.0503959,0.0507171,0.0505486,0.0510724,0.0512774,0.051423,0.0511326,0.0513492,0.0515503,0.0515045,0.051994,0.052197,0.0516132,0.0516752,0.051656,0.0514602,0.0515964,0.0510677,0.0508792,0.0507851,0.0504273,0.050783,0.0510354,0.0509446,0.0506616,0.0505323,0.0505151,0.0505499,0.0506922,0.0507772,0.051065,0.0512985,0.0510138,0.0514528,0.05137,0.0513713,0.0512327,0.0516408,0.0523602,0.0526054,0.0523501,0.051977,0.0515098,0.0512038,0.0508406,0.0508628,0.0508722,0.0505352,0.0510491,0.0514911,0.0512607,0.0510478,0.0512876,0.051442,0.0516569,0.0514936,0.0508012,0.0501376,0.0492837,0.0492277,0.048994,0.049256,0.0491932,0.0490459,0.0489909,0.0490922,0.0488014,0.0493144,0.0488973,0.0481767,0.0480277,0.0478552,0.0477839,0.0471313,0.0469563,0.0473899,0.0470901,0.0471938,0.0474879,0.0480793,0.047651,0.0478487,0.0478545,0.0477068,0.0472856,0.0477925,0.047147,0.0477487
0.0606061,0,0.00970759,0.0196266,0.030021,0.0407075,0.0510682,0.0613545,0.0610716,0.0609088,0.0603171,0.0601559,0.060614,0.060628,0.0610097,0.0608369,0.0613037,0.0612369,0.0615096,0.0611951,0.0613402,0.0614059,0.061137,0.0615738,0.0617641,0.0610229,0.0612183,0.0612908,0.0613164,0.0614526,0.0607103,0.0605621,0.0600246,0.0595379,0.0597421,0.0602051,0.060031,0.0598861,0.0596649,0.0598124,0.0599756,0.0602036,0.0604758,0.0607845,0.0610514,0.0609306,0.0613044,0.0612674,0.0612888,0.0608995,0.0615411,0.0621922,0.0622365,0.0619959,0.0618246,0.0612033,0.060979,0.0607417,0.0609478,0.0608712,0.0605445,0.061039,0.0616223,0.061289,0.0612337,0.0613055,0.0617009,0.061979,0.0618694,0.0611056,0.0601794,0.0594619,0.0593038,0.0590574,0.0592956,0.0592328,0.0587935,0.0586395,0.0585039,0.0584089,0.0588668,0.0585229,0.0578427,0.0575684,0.0574737,0.0573716,0.056814,0.0570433,0.0577277,0.0573893,0.0572392,0.0577011,0.0581464,0.0578862,0.0578835,0.0574233,0.0568926,0.0566555,0.0571472,0.0564535,0.0571347
0.0707071,0,0.00971335,0.0196689,0.0299369,0.040342,0.0507406,0.0610716,0.0713449,0.0712398,0.0706862,0.070586,0.0710545,0.0712613,0.0715077,0.0711506,0.071694,0.071722,0.0719149,0.0716957,0.0718749,0.0718256,0.0713386,0.0717862,0.0719478,0.07112,0.0713456,0.0713273,0.0715731,0.0717382,0.0708778,0.070691,0.0702024,0.0697146,0.0698972,0.0705412,0.0704538,0.0701154,0.0699327,0.0699778,0.0699695,0.0705156,0.0706637,0.0710835,0.0713087,0.0710954,0.0712587,0.0712345,0.071124,0.0705073,0.0709546,0.0712522,0.0712867,0.0710248,0.0708247,0.0701102,0.0699088,0.0698316,0.0700719,0.0702367,0.069935,0.0704738,0.0709885,0.0708145,0.0706073,0.0707286,0.0709634,0.0712002,0.0709007,0.0701578,0.0691524,0.0685476,0.0683119,0.0676019,0.0679358,0.0680944,0.0676338,0.0672112,0.0670336,0.066797,0.067335,0.0669954,0.0663162,0.0662042,0.0657262,0.0656738,0.0650801,0.0651842,0.066028,0.0655428,0.0652828,0.065707,0.0663612,0.0662703,0.0663074,0.0660361,0.0658918,0.0660276,0.0666926,0.0659342,0.0663976
0.0808081,0,0.0096137,0.0195582,0.0298135,0.0401209,0.0505873,0.0609088,0.0712398,0.0822002,0.0814712,0.0815131,0.0819107,0.0818179,0.0820753,0.0816285,0.0821443,0.082221,0.0822196,0.0819419,0.0820929,0.0819792,0.0815207,0.0821245,0.0822394,0.0813255,0.0817881,0.0820325,0.0822444,0.0823166,0.0813629,0.0815414,0.0811164,0.0807829,0.0808382,0.0814408,0.0811866,0.080726,0.0805689,0.0804854,0.0806475,0.0811994,0.0814149,0.0817166,0.082077,0.0817331,0.0820123,0.0820601,0.0819488,0.0812072,0.081741,0.0821066,0.0820054,0.0815853,0.0813466,0.0803532,0.0802787,0.0800607,0.0800645,0.0803837,0.0801573,0.0805254,0.0811473,0.081117,0.0809185,0.0811308,0.081336,0.0814796,0.081155,0.080348,0.079549,0.0792614,0.0789079,0.0785089,0.0789149,0.079395,0.0787706,0.0785201,0.0784376,0.0782617,0.0788736,0.0784041,0.077712,0.0772991,0.0769635,0.0767649,0.0760378,0.0760027,0.0769537,0.076355,0.0759617,0.0764019,0.0769423,0.0768891,0.0770906,0.0763311,0.0763124,0.0767086,0.0773875,0.0766551,0.0773242
0.0909091,0,0.00934612,0.0192995,0.0294328,0.0397421,0.0500308,0.0603171,0.0706862,0.0814712,0.0918576,0.0917906,0.0922435,0.0921078,0.0923691,0.0916845,0.0923446,0.0923096,0.0921017,0.0921316,0.092449,0.0926402,0.0921065,0.0927531,0.0929085,0.0918809,0.0923294,0.0927532,0.0930593,0.0927365,0.0919125,0.0920192,0.0915606,0.091234,0.0910835,0.0918669,0.0916102,0.0909895,0.0907334,0.0909896,0.0911813,0.091807,0.091826,0.0921346,0.0922855,0.0918832,0.0923146,0.0922638,0.0921906,0.0915012,0.0919003,0.0921909,0.0919409,0.0912732,0.0910345,0.0902285,0.0902128,0.0897938,0.089828,0.0903066,0.0897656,0.0900214,0.0905149,0.0902289,0.0899543,0.0901099,0.0903019,0.0904404,0.0899034,0.0891289,0.0881885,0.0879814,0.0875821,0.0869764,0.0872845,0.0875805,0.0871786,0.0869804,0.0871112,0.0871367,0.0876501,0.0870994,0.0861411,0.0857692,0.0853108,0.0853821,0.084938,0.0847511,0.0857222,0.0850025,0.0846315,0.0853082,0.0865552,0.0865449,0.0868614,0.0859895,0.0859363,0.0867054,0.0874972,0.0867493,0.0874655
0.10101,0,0.00932379,0.0194203,0.0295297,0.0397425,0.0499569,0.0601559,0.070586,0.0815131,0.0917906,0.102873,0.103262,0.103011,0.103238,0.102569,0.103079,0.102892,0.102655,0.102616,0.102966,0.103099,0.102315,0.103177,0.103476,0.102511,0.102684,0.103287,0.103435,0.103165,0.102513,0.102472,0.101992,0.101731,0.101814,0.102653,0.102413,0.101919,0.10183,0.102156,0.102348,0.103213,0.103225,0.103598,0.103748,0.103225,0.103607,0.103917,0.10382,0.103091,0.103517,0.103745,0.103488,0.10305,0.102826,0.101915,0.101599,0.10129,0.1013,0.101998,0.101509,0.101649,0.102239,0.101939,0.101868,0.10213,0.10218,0.102441,0.101749,0.100744,0.0995537,0.0992523,0.0988877,0.0984635,0.0990608,0.0994978,0.099174,0.0989255,0.0986706,0.098801,0.099301,0.0984522,0.0976091,0.097017,0.0963929,0.0964631,0.0964249,0.0962433,0.0972306,0.0963331,0.0956097,0.0963109,0.0974972,0.0973534,0.0976766,0.0969408,0.0966411,0.0971221,0.0976965,0.0966298,0.0972732
0.111111,0,0.00937138,0.0196679,0.0297962,0.0400331,0.0503726,0.060614,0.0710545,0.0819107,0.0922435,0.103262,0.114618,0.114296,0.114506,0.114005,0.114435,0.114027,0.113731,0.113477,0.113848,0.113874,0.11322,0.114024,0.114232,0.113175,0.113206,0.113742,0.113862,0.113608,0.112881,0.112996,0.112357,0.112124,0.112265,0.113228,0.112811,0.112174,0.112001,0.112437,0.112322,0.113107,0.113054,0.113356,0.113115,0.112453,0.112654,0.112897,0.112687,0.11204,0.112425,0.112852,0.112565,0.112277,0.111968,0.111145,0.110747,0.110396,0.110602,0.111469,0.110942,0.111087,0.111493,0.111258,0.110849,0.111062,0.110973,0.11105,0.110365,0.109171,0.107824,0.107493,0.107333,0.106909,0.107714,0.108342,0.108258,0.107996,0.107983,0.108023,0.108503,0.108109,0.107039,0.106135,0.105594,0.105893,0.106009,0.105613,0.106588,0.105687,0.104813,0.105767,0.107014,0.106921,0.106832,0.106067,0.10561,0.105804,0.106848,0.10569,0.1065
0.121212,0,0.00934763,0.0197334,0.0299093,0.0401786,0.0503959,0.060628,0.0712613,0.0818179,0.0921078,0.103011,0.114296,0.125215,0.125376,0.124929,0.125423,0.12504,0.124608,0.124561,0.125012,0.125094,0.124427,0.125373,0.125657,0.124514,0.124789,0.125435,0.125383,0.125101,0.124578,0.124886,0.124316,0.124054,0.124233,0.12503,0.124528,0.124136,0.123881,0.124471,0.124352,0.125219,0.125085,0.125535,0.12488,0.124165,0.124367,0.124642,0.12457,0.123992,0.124314,0.124799,0.124168,0.123768,0.123271,0.122327,0.122009,0.121611,0.121943,0.12268,0.122368,0.122379,0.122797,0.122416,0.121741,0.121741,0.121698,0.121825,0.121211,0.120046,0.118691,0.118227,0.117913,0.117926,0.118803,0.119495,0.11976,0.119614,0.119567,0.119488,0.119673,0.119366,0.118002,0.117085,0.1166,0.116846,0.116711,0.11654,0.117531,0.11664,0.115666,0.116931,0.11835,0.118292,0.118212,0.117375,0.117247,0.117212,0.118097,0.11705,0.117872
0.131313,0,0.00937468,0.0198828,0.0301472,0.0405558,0.0507171,0.0610097,0.0715077,0.0820753,0.0923691,0.103238,0.114506,0.125376,0.137001,0.136454,0.136818,0.136557,0.136241,0.136089,0.136816,0.137062,0.136144,0.137077,0.137413,0.136575,0.136535,0.137324,0.137046,0.136785,0.136409,0.136772,0.135899,0.135418,0.135653,0.136373,0.135905,0.135841,0.13567,0.136281,0.135842,0.136498,0.136628,0.136869,0.136339,0.13584,0.136173,0.136419,0.13666,0.135915,0.136178,0.136668,0.13605,0.136013,0.135485,0.134492,0.134525,0.134195,0.134602,0.135594,0.135513,0.135772,0.136084,0.135852,0.135166,0.134922,0.134986,0.134905,0.134209,0.133055,0.131815,0.131492,0.131188,0.131258,0.131741,0.132571,0.132906,0.132472,0.13212,0.132008,0.131972,0.131427,0.130183,0.129414,0.129119,0.129139,0.128759,0.128344,0.129524,0.128535,0.127579,0.128611,0.129878,0.130057,0.130286,0.129554,0.129387,0.129255,0.130275,0.129075,0.130098
0.141414,0,0.00950114,0.0199251,0.0301049,0.0404302,0.0505486,0.0608369,0.0711506,0.0816285,0.0916845,0.102569,0.114005,0.124929,0.136454,0.14727,0.14767,0.147383,0.147088,0.146873,0.147533,0.147887,0.147083,0.148121,0.148789,0.148097,0.148084,0.149066,0.148842,0.148254,0.147554,0.148098,0.147126,0.146827,0.14733,0.148113,0.14767,0.14741,0.14717,0.14785,0.147321,0.147849,0.148374,0.148318,0.147815,0.147262,0.147558,0.148004,0.148114,0.148045,0.148269,0.148657,0.148086,0.147981,0.147541,0.146356,0.146347,0.145892,0.146469,0.147902,0.147762,0.147922,0.148551,0.148548,0.147819,0.147428,0.147321,0.146954,0.146069,0.14492,0.144216,0.143882,0.143377,0.143375,0.14369,0.144629,0.145313,0.144475,0.144012,0.143579,0.143633,0.142855,0.14165,0.140396,0.139945,0.13973,0.139427,0.139158,0.140164,0.138982,0.137781,0.138935,0.140519,0.140629,0.140742,0.139927,0.139792,0.139527,0.140504,0.13908,0.139898
0.151515,0,0.00967277,0.0201404,0.0304091,0.0408718,0.0510724,0.0613037,0.071694,0.0821443,0.0923446,0.103079,0.114435,0.125423,0.136818,0.14767,0.159907,0.159446,0.159168,0.158685,0.15947,0.15984,0.15878,0.159698,0.160348,0.159414,0.159163,0.160198,0.160025,0.159142,0.158233,0.158863,0.157591,0.157537,0.158097,0.158783,0.158111,0.157734,0.157286,0.158052,0.157461,0.157992,0.158633,0.158565,0.157906,0.157075,0.157363,0.157947,0.158059,0.158025,0.158027,0.15852,0.157899,0.157766,0.1573,0.155969,0.155926,0.155497,0.156049,0.157658,0.157687,0.157405,0.158188,0.158013,0.157218,0.156818,0.156362,0.155906,0.155088,0.154073,0.153322,0.152612,0.151756,0.151835,0.152527,0.153424,0.153802,0.153106,0.152872,0.152686,0.152951,0.151864,0.15065,0.149075,0.148767,0.148902,0.148842,0.148403,0.149169,0.14756,0.145994,0.147244,0.148806,0.148838,0.149028,0.148149,0.148392,0.148328,0.149263,0.147344,0.147952
0.161616,0,0.00968764,0.0202517,0.030415,0.0410064,0.0512774,0.0612369,0.071722,0.082221,0.0923096,0.102892,0.114027,0.12504,0.136557,0.147383,0.159446,0.171121,0.17079,0.170336,0.171078,0.171604,0.170377,0.171347,0.172002,0.170702,0.170455,0.171577,0.171512,0.170703,0.169967,0.170628,0.169191,0.169049,0.169683,0.17033,0.169824,0.169226,0.168842,0.169485,0.16901,0.169396,0.169883,0.169868,0.169308,0.168891,0.169187,0.169866,0.169923,0.16961,0.169492,0.169928,0.169392,0.169227,0.1686,0.167564,0.167604,0.16704,0.167433,0.169103,0.168687,0.168417,0.169042,0.16871,0.167951,0.167411,0.166825,0.166483,0.165417,0.164395,0.164017,0.163227,0.162226,0.162161,0.16289,0.163712,0.163975,0.163189,0.162779,0.162848,0.163008,0.161968,0.160773,0.159174,0.158948,0.158778,0.158609,0.158219,0.158821,0.157432,0.155806,0.157377,0.158881,0.158818,0.159233,0.158472,0.158555,0.158681,0.159545,0.157472,0.158143
0.171717,0,0.00970108,0.0202969,0.0301906,0.040818,0.051423,0.0615096,0.0719149,0.0822196,0.0921017,0.102655,0.113731,0.124608,0.136241,0.147088,0.159168,0.17079,0.18212,0.18178,0.182383,0.182991,0.181682,0.18259,0.183089,0.181695,0.181584,0.182888,0.18281,0.182117,0.181148,0.181518,0.180048,0.179875,0.180639,0.181454,0.181236,0.180553,0.179717,0.180522,0.17979,0.180161,0.180985,0.181075,0.180639,0.180108,0.180633,0.181192,0.181158,0.180735,0.180629,0.181007,0.180164,0.17995,0.17984,0.178807,0.178778,0.178137,0.178644,0.180233,0.179727,0.179663,0.180506,0.180272,0.179822,0.179257,0.178658,0.178378,0.177326,0.176494,0.176167,0.175326,0.174067,0.173968,0.175061,0.175943,0.176316,0.175414,0.175309,0.175493,0.175541,0.174564,0.173303,0.171615,0.171856,0.171608,0.171371,0.170942,0.172054,0.170339,0.16878,0.170682,0.172098,0.172189,0.172835,0.172051,0.172284,0.172927,0.173888,0.171976,0.172747
0.181818,0,0.00965848,0.0202285,0.0300726,0.0406854,0.0511326,0.0611951,0.0716957,0.0819419,0.0921316,0.102616,0.113477,0.124561,0.136089,0.146873,0.158685,0.170336,0.18178,0.193138,0.193662,0.194182,0.192898,0.194095,0.194802,0.193411,0.193308,0.194755,0.194528,0.193894,0.192745,0.193107,0.191773,0.191852,0.19269,0.193467,0.193122,0.192897,0.192047,0.193098,0.192373,0.192671,0.193222,0.193027,0.192473,0.192109,0.192955,0.193895,0.193626,0.193016,0.192911,0.193251,0.192722,0.192553,0.19222,0.191224,0.191209,0.190302,0.191148,0.193151,0.192586,0.192888,0.193717,0.193493,0.193142,0.192628,0.191857,0.19158,0.190751,0.189747,0.189378,0.188277,0.187,0.186796,0.187495,0.188169,0.18867,0.187923,0.187545,0.187681,0.187685,0.186934,0.185343,0.183605,0.18423,0.183956,0.183671,0.183056,0.184364,0.182859,0.181508,0.183653,0.184697,0.18502,0.185698,0.184842,0.185466,0.186434,0.187148,0.185492,0.185971
0.191919,0,0.00970816,0.0202194,0.0301427,0.0406735,0.0513492,0.0613402,0.0718749,0.0820929,0.092449,0.102966,0.113848,0.125012,0.136816,0.147533,0.15947,0.171078,0.182383,0.193662,0.206381,0.206941,0.20555,0.206255,0.20699,0.205554,0.205339,0.206553,0.206393,0.205749,0.204555,0.20498,0.204006,0.204226,0.205664,0.206339,0.205612,0.205367,0.204593,0.205692,0.204906,0.205162,0.205258,0.204949,0.204448,0.20418,0.205261,0.206604,0.206351,0.205842,0.205589,0.205995,0.205578,0.205753,0.20549,0.204441,0.204453,0.203286,0.204164,0.206281,0.205638,0.206082,0.20715,0.206466,0.206535,0.205915,0.205417,0.204694,0.20384,0.202948,0.202623,0.201879,0.200592,0.200407,0.201607,0.202793,0.2034,0.202669,0.20209,0.202067,0.202381,0.201192,0.199588,0.197616,0.19843,0.198227,0.197892,0.197026,0.198472,0.197133,0.195803,0.198242,0.199031,0.199707,0.200054,0.199101,0.1999,0.201075,0.201676,0.200053,0.200417
0.20202,0,0.00985893,0.0203058,0.0301571,0.0408981,0.0515503,0.0614059,0.0718256,0.0819792,0.0926402,0.103099,0.113874,0.125094,0.137062,0.147887,0.15984,0.171604,0.182991,0.194182,0.206941,0.219619,0.218445,0.21907,0.219485,0.218025,0.217648,0.219116,0.218528,0.218052,0.217113,0.217377,0.216583,0.216906,0.218547,0.219477,0.218739,0.218285,0.217358,0.218436,0.217629,0.217902,0.217726,0.217078,0.216767,0.216733,0.217908,0.219559,0.218869,0.218819,0.218581,0.218599,0.218332,0.218731,0.218224,0.217038,0.217197,0.215973,0.216994,0.219633,0.219237,0.22002,0.221356,0.220367,0.220521,0.220196,0.219732,0.218908,0.217834,0.216699,0.216328,0.215349,0.214055,0.213844,0.215111,0.216439,0.216793,0.215897,0.215242,0.214879,0.215046,0.213661,0.212347,0.210148,0.211023,0.210921,0.210403,0.209699,0.211298,0.209986,0.208404,0.210949,0.211809,0.212571,0.21301,0.211846,0.21267,0.214355,0.215059,0.213099,0.213217
0.212121,0,0.00994448,0.0203099,0.0302797,0.0409241,0.0515045,0.061137,0.0713386,0.0815207,0.0921065,0.102315,0.11322,0.124427,0.136144,0.147083,0.15878,0.170377,0.181682,0.192898,0.20555,0.218445,0.229739,0.230428,0.230853,0.229111,0.228663,0.230052,0.229515,0.229227,0.228227,0.228192,0.227383,0.227801,0.229739,0.230371,0.22954,0.229449,0.228262,0.229076,0.228233,0.22849,0.228314,0.227626,0.226908,0.226752,0.228032,0.229615,0.22884,0.228923,0.228854,0.229079,0.229189,0.22993,0.229657,0.228051,0.227875,0.226485,0.227704,0.229997,0.229362,0.229839,0.231155,0.230024,0.230198,0.230169,0.229513,0.228521,0.227395,0.226078,0.226019,0.225195,0.223906,0.223889,0.225333,0.226773,0.227096,0.225898,0.225244,0.225006,0.224975,0.223756,0.222233,0.219767,0.220832,0.220328,0.220152,0.219716,0.221483,0.22042,0.218817,0.221616,0.222675,0.223839,0.224356,0.223175,0.223672,0.225593,0.226353,0.224135,0.224421
0.222222,0,0.0102377,0.0206061,0.0307482,0.0413743,0.051994,0.0615738,0.0717862,0.0821245,0.0927531,0.103177,0.114024,0.125373,0.137077,0.148121,0.159698,0.171347,0.18259,0.194095,0.206255,0.21907,0.230428,0.243186,0.24354,0.241661,0.241174,0.242527,0.2419,0.241624,0.240635,0.240266,0.239394,0.239921,0.241817,0.242543,0.241641,0.241681,0.240391,0.241218,0.240428,0.24109,0.241007,0.240323,0.239788,0.239577,0.240582,0.24258,0.24179,0.241809,0.24159,0.24141,0.241397,0.242111,0.241615,0.23978,0.239608,0.238433,0.23987,0.242076,0.241315,0.241584,0.243022,0.242158,0.242155,0.241654,0.241246,0.240198,0.239235,0.237711,0.237655,0.236851,0.235505,0.235663,0.23696,0.238431,0.239104,0.237597,0.236888,0.236397,0.236281,0.235189,0.233688,0.23138,0.232492,0.231993,0.231902,0.230911,0.232741,0.231535,0.230243,0.233227,0.234382,0.235752,0.236026,0.235059,0.235827,0.237725,0.238605,0.236094,0.23612
0.232323,0,0.0101774,0.0207763,0.0309366,0.0415949,0.052197,0.0617641,0.0719478,0.0822394,0.0929085,0.103476,0.114232,0.125657,0.137413,0.148789,0.160348,0.172002,0.183089,0.194802,0.20699,0.219485,0.230853,0.24354,0.25665,0.254939,0.254127,0.255287,0.255101,0.255058,0.253969,0.253408,0.252413,0.252756,0.254718,0.255843,0.254764,0.25478,0.253238,0.254031,0.253125,0.253586,0.253446,0.25273,0.252368,0.252472,0.253255,0.255731,0.254999,0.255236,0.254644,0.254478,0.254785,0.255752,0.255312,0.253117,0.252546,0.251005,0.252347,0.254681,0.253798,0.2545,0.255887,0.255085,0.255353,0.255133,0.254934,0.253402,0.252726,0.25087,0.250706,0.249622,0.248228,0.248322,0.249662,0.25119,0.252048,0.250484,0.249599,0.249444,0.249133,0.247891,0.246298,0.243851,0.245564,0.245016,0.24472,0.243251,0.244602,0.243277,0.241824,0.244655,0.246044,0.2475,0.247139,0.245581,0.247064,0.249143,0.249808,0.247997,0.247738
0.242424,0,0.0101189,0.0205352,0.0305106,0.0412421,0.0516132,0.0610229,0.07112,0.0813255,0.0918809,0.102511,0.113175,0.124514,0.136575,0.148097,0.159414,0.170702,0.181695,0.193411,0.205554,0.218025,0.229111,0.241661,0.254939,0.266328,0.265351,0.266358,0.266429,0.266232,0.265052,0.264486,0.263553,0.263803,0.265843,0.267178,0.266338,0.266707,0.264834,0.265764,0.26487,0.265364,0.265275,0.264557,0.264402,0.264275,0.265557,0.268037,0.267257,0.267658,0.266855,0.266308,0.266575,0.267308,0.266664,0.264493,0.263833,0.262211,0.263445,0.266003,0.265144,0.266201,0.267892,0.267036,0.267308,0.266773,0.26635,0.264762,0.263799,0.261533,0.260961,0.259857,0.258469,0.258323,0.259664,0.261239,0.262475,0.260643,0.259804,0.259713,0.259602,0.258649,0.256547,0.253774,0.255826,0.255179,0.25483,0.253537,0.254972,0.253813,0.252004,0.254951,0.256563,0.258263,0.257673,0.256192,0.25836,0.260726,0.262062,0.260858,0.26062
0.252525,0,0.0102809,0.0205638,0.0306786,0.0414011,0.0516752,0.0612183,0.0713456,0.0817881,0.0923294,0.102684,0.113206,0.124789,0.136535,0.148084,0.159163,0.170455,0.181584,0.193308,0.205339,0.217648,0.228663,0.241174,0.254127,0.265351,0.277378,0.278543,0.278585,0.278121,0.27665,0.276215,0.275323,0.275617,0.277359,0.278404,0.277606,0.277846,0.275898,0.277028,0.276034,0.276455,0.276658,0.27604,0.275697,0.275664,0.277098,0.279418,0.277906,0.278504,0.277836,0.277122,0.276671,0.277198,0.276237,0.274112,0.273556,0.271906,0.273232,0.275533,0.27459,0.275576,0.277553,0.276829,0.27722,0.276349,0.275681,0.274097,0.273193,0.270938,0.270732,0.269615,0.268155,0.267711,0.268916,0.270347,0.27158,0.269746,0.268794,0.268223,0.268294,0.267221,0.265256,0.262807,0.264877,0.263945,0.263778,0.262051,0.263381,0.262081,0.260615,0.263698,0.265366,0.266956,0.266562,0.265215,0.267264,0.269335,0.270913,0.269847,0.269452
0.262626,0,0.0102549,0.020541,0.0307658,0.0414903,0.051656,0.0612908,0.0713273,0.0820325,0.0927532,0.103287,0.113742,0.125435,0.137324,0.149066,0.160198,0.171577,0.182888,0.194755,0.206553,0.219116,0.230052,0.242527,0.255287,0.266358,0.278543,0.292885,0.292745,0.292278,0.290756,0.290123,0.289377,0.289739,0.291341,0.292444,0.29141,0.2915,0.289192,0.290199,0.289437,0.289713,0.28966,0.289209,0.289177,0.289298,0.290896,0.293754,0.292169,0.292631,0.292056,0.291021,0.290689,0.291237,0.290126,0.287948,0.287395,0.28566,0.286963,0.288843,0.287616,0.289344,0.290979,0.29048,0.290853,0.289914,0.289398,0.287976,0.286891,0.284866,0.285016,0.283776,0.282132,0.282047,0.283542,0.284941,0.286589,0.284519,0.283557,0.282662,0.282492,0.281253,0.279297,0.276857,0.278677,0.277287,0.277085,0.275394,0.2766,0.275249,0.273616,0.276629,0.278278,0.279879,0.279231,0.277521,0.279319,0.281303,0.282991,0.281271,0.280678
0.272727,0,0.0100219,0.0204445,0.0306383,0.0412927,0.0514602,0.0613164,0.0715731,0.0822444,0.0930593,0.103435,0.113862,0.125383,0.137046,0.148842,0.160025,0.171512,0.18281,0.194528,0.206393,0.218528,0.229515,0.2419,0.255101,0.266429,0.278585,0.292745,0.30609,0.305818,0.304029,0.30365,0.302891,0.303699,0.305183,0.306292,0.305401,0.305585,0.302959,0.303738,0.302855,0.302984,0.30297,0.303105,0.303358,0.303391,0.304593,0.307518,0.305858,0.306341,0.305449,0.304268,0.304189,0.304127,0.303431,0.30146,0.300723,0.299027,0.300341,0.302154,0.300768,0.302353,0.304102,0.303196,0.303789,0.302661,0.302191,0.30046,0.299117,0.297076,0.297322,0.296315,0.294238,0.293741,0.295256,0.296435,0.298152,0.296114,0.294795,0.294141,0.29406,0.293245,0.291643,0.289805,0.291751,0.29024,0.290039,0.289008,0.289772,0.288213,0.286711,0.290699,0.29257,0.294497,0.293183,0.291822,0.294348,0.297145,0.299155,0.297947,0.297559
0.282828,0,0.00989536,0.0203187,0.0307004,0.0414072,0.0515964,0.0614526,0.0717382,0.0823166,0.0927365,0.103165,0.113608,0.125101,0.136785,0.148254,0.159142,0.170703,0.182117,0.193894,0.205749,0.218052,0.229227,0.241624,0.255058,0.266232,0.278121,0.292278,0.305818,0.318306,0.315975,0.315399,0.314522,0.315333,0.316718,0.317786,0.316768,0.316765,0.313762,0.314108,0.313597,0.313751,0.313868,0.313759,0.314313,0.314422,0.315617,0.318578,0.316742,0.317286,0.316544,0.315365,0.315502,0.315368,0.314618,0.312554,0.311526,0.309665,0.310902,0.312612,0.31152,0.313286,0.315471,0.314168,0.31517,0.313855,0.313671,0.311715,0.310472,0.308216,0.308286,0.307519,0.305427,0.305102,0.30689,0.307824,0.309862,0.307924,0.306755,0.305612,0.305453,0.304887,0.303635,0.302007,0.303828,0.302327,0.302461,0.301085,0.301875,0.300566,0.299265,0.303374,0.305484,0.307575,0.306239,0.304631,0.306937,0.309753,0.312283,0.311828,0.311489
0.292929,0,0.00982738,0.0203762,0.030493,0.0411086,0.0510677,0.0607103,0.0708778,0.0813629,0.0919125,0.102513,0.112881,0.124578,0.136409,0.147554,0.158233,0.169967,0.181148,0.192745,0.204555,0.217113,0.228227,0.240635,0.253969,0.265052,0.27665,0.290756,0.304029,0.315975,0.327148,0.32651,0.325788,0.326248,0.327379,0.328131,0.327008,0.327283,0.324645,0.325043,0.324319,0.324613,0.324593,0.324387,0.324951,0.32498,0.325738,0.328949,0.326948,0.327507,0.327015,0.326057,0.326232,0.326059,0.324833,0.322737,0.321946,0.320381,0.321641,0.323638,0.322707,0.324094,0.326472,0.324902,0.3261,0.324866,0.325058,0.322863,0.321774,0.319384,0.318969,0.317707,0.315588,0.315416,0.31758,0.31864,0.32104,0.318981,0.317322,0.316356,0.31648,0.315535,0.313981,0.311777,0.314068,0.312557,0.312406,0.31131,0.312074,0.310951,0.309437,0.313688,0.316029,0.318749,0.317568,0.316255,0.318407,0.321537,0.323694,0.323143,0.323167
0.30303,0,0.00992019,0.0202652,0.0304408,0.0409402,0.0508792,0.0605621,0.070691,0.0815414,0.0920192,0.102472,0.112996,0.124886,0.136772,0.148098,0.158863,0.170628,0.181518,0.193107,0.20498,0.217377,0.228192,0.240266,0.253408,0.264486,0.276215,0.290123,0.30365,0.315399,0.32651,0.340067,0.339118,0.339216,0.340548,0.341222,0.339897,0.340721,0.338277,0.338506,0.338188,0.338466,0.338653,0.338607,0.33896,0.338916,0.339564,0.342788,0.340548,0.340926,0.340488,0.339965,0.340183,0.340192,0.338616,0.336775,0.335788,0.334223,0.334952,0.337073,0.336229,0.337598,0.339865,0.338454,0.339576,0.338526,0.338261,0.335935,0.334646,0.332433,0.331875,0.330714,0.328215,0.327764,0.33034,0.331235,0.333679,0.331253,0.330059,0.32919,0.329132,0.328662,0.327495,0.324882,0.327418,0.326395,0.326063,0.324719,0.325144,0.323706,0.322143,0.326564,0.329147,0.331938,0.330518,0.329189,0.331193,0.33506,0.337417,0.337063,0.337389
0.313131,0,0.0100016,0.0204497,0.0305807,0.04098,0.0507851,0.0600246,0.0702024,0.0811164,0.0915606,0.101992,0.112357,0.124316,0.135899,0.147126,0.157591,0.169191,0.180048,0.191773,0.204006,0.216583,0.227383,0.239394,0.252413,0.263553,0.275323,0.289377,0.302891,0.314522,0.325788,0.339118,0.351201,0.351866,0.35342,0.353877,0.352633,0.353893,0.35093,0.351399,0.351079,0.350842,0.351108,0.351123,0.351584,0.351796,0.351959,0.355206,0.352592,0.353414,0.353051,0.35271,0.35297,0.353136,0.351537,0.350037,0.348979,0.347313,0.347311,0.349235,0.348382,0.34992,0.352246,0.350667,0.351907,0.350709,0.350544,0.348288,0.346733,0.344391,0.343566,0.3424,0.339612,0.339314,0.341916,0.343028,0.346133,0.343349,0.342068,0.341007,0.340635,0.340087,0.338649,0.336007,0.338699,0.337571,0.337119,0.336396,0.336829,0.335301,0.333607,0.337702,0.340441,0.342938,0.341648,0.340172,0.342477,0.346499,0.349079,0.349168,0.349476
0.323232,0,0.00988246,0.0204098,0.0302879,0.0406292,0.0504273,0.0595379,0.0697146,0.0807829,0.091234,0.101731,0.112124,0.124054,0.135418,0.146827,0.157537,0.169049,0.179875,0.191852,0.204226,0.216906,0.227801,0.239921,0.252756,0.263803,0.275617,0.289739,0.303699,0.315333,0.326248,0.339216,0.351866,0.365813,0.367287,0.368217,0.367045,0.368157,0.364905,0.365108,0.364565,0.364322,0.364546,0.36454,0.365157,0.365725,0.365969,0.369544,0.366891,0.36824,0.36735,0.367069,0.367259,0.367568,0.366212,0.364451,0.363082,0.361068,0.361158,0.363228,0.36232,0.363869,0.366297,0.364751,0.366554,0.365395,0.365593,0.362988,0.361409,0.359181,0.358468,0.357055,0.354405,0.354237,0.35673,0.357938,0.360782,0.357909,0.356975,0.356156,0.35547,0.354799,0.353592,0.351081,0.353528,0.35216,0.352265,0.352228,0.353134,0.351187,0.349446,0.35372,0.356874,0.35908,0.357605,0.356051,0.35872,0.363113,0.365697,0.365554,0.365669
0.333333,0,0.0099124,0.0204663,0.0305683,0.040957,0.050783,0.0597421,0.0698972,0.0808382,0.0910835,0.101814,0.112265,0.124233,0.135653,0.14733,0.158097,0.169683,0.180639,0.19269,0.205664,0.218547,0.229739,0.241817,0.254718,0.265843,0.277359,0.291341,0.305183,0.316718,0.327379,0.340548,0.35342,0.367287,0.382787,0.383856,0.382862,0.38374,0.380284,0.380585,0.380056,0.379883,0.380397,0.380091,0.380555,0.381103,0.381148,0.384888,0.381835,0.383519,0.38254,0.382681,0.382948,0.382886,0.381411,0.37939,0.377747,0.375224,0.375129,0.376646,0.376064,0.377359,0.379939,0.378133,0.379902,0.379099,0.379,0.37653,0.374584,0.372903,0.372122,0.370758,0.368316,0.368452,0.370982,0.372333,0.375858,0.372942,0.372087,0.370946,0.370308,0.370144,0.368624,0.365866,0.367983,0.36671,0.367006,0.366993,0.367795,0.365817,0.363131,0.366733,0.369885,0.372307,0.37136,0.369577,0.371886,0.375537,0.378511,0.378416,0.379115
0.343434,0,0.00978201,0.0204347,0.0306209,0.0411952,0.0510354,0.0602051,0.0705412,0.0814408,0.0918669,0.102653,0.113228,0.12503,0.136373,0.148113,0.158783,0.17033,0.181454,0.193467,0.206339,0.219477,0.230371,0.242543,0.255843,0.267178,0.278404,0.292444,0.306292,0.317786,0.328131,0.341222,0.353877,0.368217,0.383856,0.39953,0.398742,0.399644,0.396016,0.396165,0.395529,0.395342,0.395691,0.395299,0.395795,0.396287,0.396282,0.40061,0.398072,0.399965,0.398966,0.39886,0.399345,0.399563,0.398064,0.39626,0.395026,0.392789,0.39303,0.394801,0.394132,0.396058,0.398342,0.396342,0.398376,0.3978,0.397816,0.395415,0.39362,0.391376,0.390355,0.388793,0.385716,0.386747,0.389527,0.390937,0.395033,0.391724,0.39087,0.389339,0.388971,0.389104,0.388234,0.385273,0.387519,0.386047,0.38679,0.387151,0.387984,0.385839,0.382454,0.385727,0.389851,0.392219,0.390678,0.387991,0.390669,0.394037,0.397782,0.397475,0.397808
0.353535,0,0.00969876,0.0204293,0.0305325,0.0412203,0.0509446,0.060031,0.0704538,0.0811866,0.0916102,0.102413,0.112811,0.124528,0.135905,0.14767,0.158111,0.169824,0.181236,0.193122,0.205612,0.218739,0.22954,0.241641,0.254764,0.266338,0.277606,0.29141,0.305401,0.316768,0.327008,0.339897,0.352633,0.367045,0.382862,0.398742,0.411634,0.412417,0.408748,0.408835,0.408137,0.407563,0.408063,0.40735,0.407773,0.408187,0.40789,0.411775,0.409718,0.411492,0.410077,0.410597,0.411181,0.411458,0.409996,0.407945,0.406611,0.403829,0.403583,0.405205,0.404636,0.406666,0.409221,0.407265,0.409068,0.408886,0.409387,0.406878,0.405078,0.402385,0.400892,0.39933,0.39613,0.397153,0.399803,0.401562,0.405717,0.402142,0.401233,0.40014,0.399709,0.399909,0.399408,0.396368,0.398633,0.396982,0.397843,0.398518,0.39964,0.397404,0.393273,0.397384,0.402487,0.404868,0.402941,0.40048,0.403058,0.406611,0.410621,0.40996,0.410344
0.363636,0,0.00947827,0.0200774,0.0302053,0.0410291,0.0506616,0.0598861,0.0701154,0.080726,0.0909895,0.101919,0.112174,0.124136,0.135841,0.14741,0.157734,0.169226,0.180553,0.192897,0.205367,0.218285,0.229449,0.241681,0.25478,0.266707,0.277846,0.2915,0.305585,0.316765,0.327283,0.340721,0.353893,0.368157,0.38374,0.399644,0.412417,0.427926,0.424175,0.424543,0.423646,0.422987,0.423412,0.422613,0.423214,0.42349,0.423326,0.427642,0.425193,0.426849,0.425478,0.425753,0.426517,0.427521,0.425704,0.423711,0.422289,0.419244,0.418859,0.420104,0.419522,0.421338,0.423397,0.421583,0.423448,0.422858,0.423722,0.420869,0.419212,0.416045,0.413781,0.412104,0.409195,0.410422,0.413351,0.414829,0.419357,0.415655,0.414407,0.413688,0.412672,0.4128,0.41259,0.409904,0.412949,0.410972,0.411777,0.412271,0.413366,0.41139,0.407822,0.412208,0.416654,0.419691,0.417604,0.415072,0.418056,0.421816,0.426266,0.426181,0.426121
0.373737,0,0.00939908,0.0197434,0.0299259,0.040846,0.0505323,0.0596649,0.0699327,0.0805689,0.0907334,0.10183,0.112001,0.123881,0.13567,0.14717,0.157286,0.168842,0.179717,0.192047,0.204593,0.217358,0.228262,0.240391,0.253238,0.264834,0.275898,0.289192,0.302959,0.313762,0.324645,0.338277,0.35093,0.364905,0.380284,0.396016,0.408748,0.424175,0.434382,0.434721,0.433357,0.432932,0.433846,0.432795,0.433189,0.433148,0.433483,0.438021,0.435852,0.437652,0.436768,0.437023,0.437972,0.439084,0.437219,0.435149,0.434168,0.431003,0.430523,0.43191,0.431278,0.433111,0.43564,0.433898,0.435843,0.435903,0.436798,0.434031,0.432206,0.429109,0.426714,0.424714,0.421908,0.423159,0.426235,0.428092,0.432325,0.428748,0.427458,0.427143,0.426376,0.426413,0.426039,0.423018,0.42618,0.424457,0.425467,0.425537,0.42649,0.42432,0.4207,0.425563,0.429113,0.431866,0.430341,0.427694,0.430752,0.434563,0.439293,0.438471,0.438558
0.383838,0,0.00947668,0.0196671,0.0298396,0.0407663,0.0505151,0.0598124,0.0699778,0.0804854,0.0909896,0.102156,0.112437,0.124471,0.136281,0.14785,0.158052,0.169485,0.180522,0.193098,0.205692,0.218436,0.229076,0.241218,0.254031,0.265764,0.277028,0.290199,0.303738,0.314108,0.325043,0.338506,0.351399,0.365108,0.380585,0.396165,0.408835,0.424543,0.434721,0.449762,0.448252,0.447541,0.449101,0.448103,0.448175,0.447462,0.447847,0.452963,0.451037,0.453186,0.452291,0.453045,0.454199,0.455848,0.453315,0.451256,0.45042,0.44757,0.447027,0.448276,0.447418,0.44937,0.452256,0.450473,0.452232,0.452633,0.453859,0.450947,0.448776,0.445679,0.442762,0.440758,0.438275,0.439329,0.442815,0.444254,0.449379,0.445982,0.443968,0.443282,0.442673,0.442516,0.442137,0.438925,0.442817,0.441281,0.442248,0.441881,0.442895,0.440082,0.437027,0.442753,0.446466,0.449628,0.448311,0.446261,0.449826,0.454028,0.459635,0.459169,0.459035
0.393939,0,0.00943664,0.0194727,0.0297622,0.040819,0.0505499,0.0599756,0.0699695,0.0806475,0.0911813,0.102348,0.112322,0.124352,0.135842,0.147321,0.157461,0.16901,0.17979,0.192373,0.204906,0.217629,0.228233,0.240428,0.253125,0.26487,0.276034,0.289437,0.302855,0.313597,0.324319,0.338188,0.351079,0.364565,0.380056,0.395529,0.408137,0.423646,0.433357,0.448252,0.461168,0.460749,0.462279,0.461462,0.461404,0.460358,0.460308,0.465471,0.463346,0.465464,0.464539,0.465165,0.467002,0.468345,0.46606,0.463653,0.4627,0.45965,0.459307,0.460874,0.4602,0.46226,0.465535,0.463395,0.465306,0.466096,0.467712,0.464724,0.46244,0.459523,0.456593,0.454481,0.451607,0.452614,0.456514,0.458086,0.462955,0.459133,0.456949,0.456387,0.456111,0.455949,0.455867,0.45273,0.455984,0.45415,0.4553,0.455231,0.456152,0.453348,0.449753,0.455166,0.459495,0.462345,0.461173,0.458727,0.462498,0.467015,0.473024,0.472968,0.472656
0.40404,0,0.00959836,0.0198847,0.0300878,0.0409687,0.0506922,0.0602036,0.0705156,0.0811994,0.091807,0.103213,0.113107,0.125219,0.136498,0.147849,0.157992,0.169396,0.180161,0.192671,0.205162,0.217902,0.22849,0.24109,0.253586,0.265364,0.276455,0.289713,0.302984,0.313751,0.324613,0.338466,0.350842,0.364322,0.379883,0.395342,0.407563,0.422987,0.432932,0.447541,0.460749,0.475202,0.476765,0.475826,0.476151,0.474674,0.474812,0.480409,0.478103,0.480621,0.480299,0.480245,0.482154,0.483557,0.481105,0.478666,0.478025,0.474485,0.473779,0.476033,0.475394,0.477463,0.480883,0.478548,0.480735,0.481392,0.482863,0.479946,0.477553,0.474748,0.471822,0.469616,0.466503,0.467403,0.471655,0.473431,0.478015,0.47422,0.471998,0.471319,0.472427,0.472364,0.472064,0.468907,0.472143,0.470527,0.471756,0.471174,0.471953,0.468876,0.465713,0.471243,0.476154,0.478948,0.477814,0.475018,0.47922,0.484191,0.490195,0.490398,0.489797
0.414141,0,0.00954901,0.019888,0.0299842,0.0410477,0.0507772,0.0604758,0.0706637,0.0814149,0.091826,0.103225,0.113054,0.125085,0.136628,0.148374,0.158633,0.169883,0.180985,0.193222,0.205258,0.217726,0.228314,0.241007,0.253446,0.265275,0.276658,0.28966,0.30297,0.313868,0.324593,0.338653,0.351108,0.364546,0.380397,0.395691,0.408063,0.423412,0.433846,0.449101,0.462279,0.476765,0.49364,0.492488,0.492754,0.490786,0.491332,0.497034,0.494661,0.497773,0.497963,0.497881,0.50009,0.501176,0.498853,0.495598,0.495221,0.491702,0.49028,0.492703,0.491593,0.493511,0.497142,0.495004,0.496773,0.497105,0.498075,0.494532,0.492231,0.48917,0.486637,0.48433,0.480655,0.481719,0.486346,0.487602,0.491671,0.488146,0.486327,0.485424,0.487026,0.487263,0.486604,0.482833,0.48617,0.484259,0.485078,0.485195,0.486489,0.483483,0.480546,0.486407,0.490705,0.493573,0.492433,0.489926,0.494079,0.499497,0.505478,0.505295,0.504903
0.424242,0,0.00946724,0.0197613,0.0300025,0.0413329,0.051065,0.0607845,0.0710835,0.0817166,0.0921346,0.103598,0.113356,0.125535,0.136869,0.148318,0.158565,0.169868,0.181075,0.193027,0.204949,0.217078,0.227626,0.240323,0.25273,0.264557,0.27604,0.289209,0.303105,0.313759,0.324387,0.338607,0.351123,0.36454,0.380091,0.395299,0.40735,0.422613,0.432795,0.448103,0.461462,0.475826,0.492488,0.50629,0.506695,0.504408,0.50459,0.510535,0.50812,0.511206,0.511425,0.510813,0.512863,0.51399,0.512091,0.509569,0.509151,0.50594,0.504123,0.506755,0.505619,0.507518,0.510608,0.508063,0.509618,0.509863,0.510884,0.506899,0.50456,0.501412,0.49888,0.496375,0.492501,0.493431,0.498189,0.499361,0.503634,0.500055,0.498239,0.497063,0.499012,0.499808,0.499384,0.495991,0.499898,0.497477,0.498372,0.498716,0.499743,0.496394,0.493612,0.499162,0.504301,0.507081,0.505815,0.503499,0.508427,0.513996,0.519933,0.519733,0.519317
0.434343,0,0.00954101,0.0200877,0.0301166,0.0417428,0.0512985,0.0610514,0.0713087,0.082077,0.0922855,0.103748,0.113115,0.12488,0.136339,0.147815,0.157906,0.169308,0.180639,0.192473,0.204448,0.216767,0.226908,0.239788,0.252368,0.264402,0.275697,0.289177,0.303358,0.314313,0.324951,0.33896,0.351584,0.365157,0.380555,0.395795,0.407773,0.423214,0.433189,0.448175,0.461404,0.476151,0.492754,0.506695,0.521628,0.519593,0.519692,0.526005,0.523331,0.526147,0.526539,0.526241,0.528021,0.529049,0.527007,0.524521,0.5243,0.520963,0.518957,0.521741,0.520524,0.522572,0.525648,0.52227,0.524178,0.524876,0.525815,0.521872,0.519012,0.515627,0.513059,0.510591,0.506311,0.507284,0.51168,0.512439,0.516947,0.513185,0.510996,0.509713,0.5115,0.512245,0.51136,0.507735,0.511335,0.509068,0.509505,0.509828,0.511259,0.508061,0.505294,0.511601,0.517409,0.520326,0.518877,0.516681,0.521825,0.527812,0.533554,0.533358,0.533452
0.444444,0,0.00968101,0.0200705,0.030055,0.0416547,0.0510138,0.0609306,0.0710954,0.0817331,0.0918832,0.103225,0.112453,0.124165,0.13584,0.147262,0.157075,0.168891,0.180108,0.192109,0.20418,0.216733,0.226752,0.239577,0.252472,0.264275,0.275664,0.289298,0.303391,0.314422,0.32498,0.338916,0.351796,0.365725,0.381103,0.396287,0.408187,0.42349,0.433148,0.447462,0.460358,0.474674,0.490786,0.504408,0.519593,0.533585,0.533882,0.54041,0.537545,0.540208,0.540543,0.540595,0.542498,0.54259,0.540851,0.538095,0.538189,0.534767,0.532436,0.535405,0.534061,0.536075,0.53892,0.535631,0.537621,0.537999,0.539204,0.535193,0.532686,0.529288,0.527282,0.524156,0.519479,0.520072,0.52392,0.524899,0.528561,0.524585,0.521949,0.520827,0.522098,0.522642,0.521359,0.517944,0.521102,0.518973,0.519318,0.519453,0.52201,0.519557,0.516103,0.521849,0.52787,0.530281,0.528477,0.526023,0.531084,0.536678,0.541853,0.541007,0.54113
0.454545,0,0.0096672,0.0200521,0.03021,0.0422119,0.0514528,0.0613044,0.0712587,0.0820123,0.0923146,0.103607,0.112654,0.124367,0.136173,0.147558,0.157363,0.169187,0.180633,0.192955,0.205261,0.217908,0.228032,0.240582,0.253255,0.265557,0.277098,0.290896,0.304593,0.315617,0.325738,0.339564,0.351959,0.365969,0.381148,0.396282,0.40789,0.423326,0.433483,0.447847,0.460308,0.474812,0.491332,0.50459,0.519692,0.533882,0.550547,0.557086,0.553827,0.557295,0.558531,0.558638,0.560217,0.560345,0.558913,0.555548,0.555738,0.551859,0.548718,0.55206,0.550161,0.551354,0.555144,0.551724,0.553699,0.553292,0.55494,0.551153,0.548566,0.54518,0.542849,0.540543,0.535952,0.536656,0.540473,0.540594,0.543933,0.540388,0.538056,0.536617,0.538358,0.538449,0.536903,0.532713,0.535334,0.534202,0.534754,0.533831,0.536231,0.533772,0.530257,0.535552,0.541641,0.543918,0.54204,0.53937,0.543748,0.549672,0.555001,0.553918,0.554318
0.464646,0,0.00955,0.0199759,0.0300999,0.0421363,0.05137,0.0612674,0.0712345,0.0820601,0.0922638,0.103917,0.112897,0.124642,0.136419,0.148004,0.157947,0.169866,0.181192,0.193895,0.206604,0.219559,0.229615,0.24258,0.255731,0.268037,0.279418,0.293754,0.307518,0.318578,0.328949,0.342788,0.355206,0.369544,0.384888,0.40061,0.411775,0.427642,0.438021,0.452963,0.465471,0.480409,0.497034,0.510535,0.526005,0.54041,0.557086,0.580489,0.57699,0.580495,0.581815,0.580958,0.58263,0.582886,0.581097,0.577427,0.577944,0.57467,0.571241,0.575796,0.573109,0.574324,0.57832,0.574417,0.577304,0.576497,0.57862,0.573235,0.570872,0.567305,0.564818,0.562692,0.558467,0.558998,0.562721,0.562739,0.566453,0.563593,0.561516,0.560107,0.561674,0.562442,0.56073,0.556531,0.560239,0.559035,0.559476,0.557862,0.559753,0.557427,0.5537,0.558804,0.5651,0.567351,0.565928,0.562527,0.566872,0.573534,0.579326,0.578378,0.578113
0.474747,0,0.00950584,0.020012,0.0300654,0.0419777,0.0513713,0.0612888,0.071124,0.0819488,0.0921906,0.10382,0.112687,0.12457,0.13666,0.148114,0.158059,0.169923,0.181158,0.193626,0.206351,0.218869,0.22884,0.24179,0.254999,0.267257,0.277906,0.292169,0.305858,0.316742,0.326948,0.340548,0.352592,0.366891,0.381835,0.398072,0.409718,0.425193,0.435852,0.451037,0.463346,0.478103,0.494661,0.50812,0.523331,0.537545,0.553827,0.57699,0.589547,0.592838,0.593777,0.593409,0.595431,0.5957,0.593829,0.590281,0.590731,0.587805,0.584286,0.589194,0.58684,0.588281,0.592101,0.588118,0.590899,0.590643,0.593588,0.588226,0.585873,0.582035,0.579012,0.576329,0.572409,0.573378,0.577356,0.577386,0.581509,0.578607,0.576718,0.575225,0.576853,0.577199,0.575488,0.571202,0.57505,0.573722,0.574435,0.572276,0.574603,0.571524,0.567888,0.573451,0.579825,0.582096,0.581754,0.578592,0.581882,0.588688,0.594044,0.591968,0.592207
0.484848,0,0.00961011,0.0199903,0.029996,0.0419474,0.0512327,0.0608995,0.0705073,0.0812072,0.0915012,0.103091,0.11204,0.123992,0.135915,0.148045,0.158025,0.16961,0.180735,0.193016,0.205842,0.218819,0.228923,0.241809,0.255236,0.267658,0.278504,0.292631,0.306341,0.317286,0.327507,0.340926,0.353414,0.36824,0.383519,0.399965,0.411492,0.426849,0.437652,0.453186,0.465464,0.480621,0.497773,0.511206,0.526147,0.540208,0.557295,0.580495,0.592838,0.613106,0.613794,0.61391,0.616538,0.616468,0.614326,0.610501,0.61117,0.608327,0.604398,0.60957,0.606651,0.60808,0.61283,0.608798,0.612028,0.611075,0.613505,0.607919,0.60517,0.601333,0.597927,0.595196,0.591076,0.591754,0.595605,0.59572,0.599953,0.597851,0.596579,0.595003,0.597425,0.597709,0.595467,0.590272,0.593424,0.592769,0.594458,0.591768,0.59446,0.59166,0.58834,0.592916,0.599228,0.601479,0.602296,0.598816,0.601122,0.608693,0.614294,0.611492,0.611916
0.494949,0,0.00963799,0.0201605,0.0305092,0.0423607,0.0516408,0.0615411,0.0709546,0.081741,0.0919003,0.103517,0.112425,0.124314,0.136178,0.148269,0.158027,0.169492,0.180629,0.192911,0.205589,0.218581,0.228854,0.24159,0.254644,0.266855,0.277836,0.292056,0.305449,0.316544,0.327015,0.340488,0.353051,0.36735,0.38254,0.398966,0.410077,0.425478,0.436768,0.452291,0.464539,0.480299,0.497963,0.511425,0.526539,0.540543,0.558531,0.581815,0.593777,0.613794,0.630869,0.631171,0.63367,0.634149,0.631593,0.628347,0.629205,0.626131,0.621849,0.627389,0.624455,0.62547,0.630033,0.625443,0.629451,0.62865,0.631681,0.626825,0.623712,0.620522,0.618399,0.615879,0.611675,0.612738,0.616947,0.617455,0.621332,0.619019,0.61755,0.615801,0.618791,0.619144,0.617005,0.611238,0.614652,0.614048,0.615361,0.613344,0.6159,0.612817,0.609222,0.613877,0.620096,0.622403,0.624375,0.620074,0.621965,0.629263,0.635768,0.632496,0.633342
0.505051,0,0.00989579,0.0206129,0.0310293,0.0429641,0.0523602,0.0621922,0.0712522,0.0821066,0.0921909,0.103745,0.112852,0.124799,0.136668,0.148657,0.15852,0.169928,0.181007,0.193251,0.205995,0.218599,0.229079,0.24141,0.254478,0.266308,0.277122,0.291021,0.304268,0.315365,0.326057,0.339965,0.35271,0.367069,0.382681,0.39886,0.410597,0.425753,0.437023,0.453045,0.465165,0.480245,0.497881,0.510813,0.526241,0.540595,0.558638,0.580958,0.593409,0.61391,0.631171,0.648704,0.650709,0.651345,0.648209,0.644507,0.64522,0.641127,0.637292,0.641856,0.639382,0.641066,0.645369,0.640748,0.644762,0.644567,0.647435,0.642915,0.639179,0.635514,0.632982,0.630252,0.626662,0.627466,0.632045,0.633018,0.636754,0.634227,0.632217,0.631118,0.634595,0.634301,0.632311,0.625519,0.629183,0.628268,0.629759,0.628113,0.630629,0.62686,0.622635,0.627757,0.634548,0.637178,0.639884,0.636331,0.637026,0.644534,0.652026,0.647308,0.648375
0.515152,0,0.0101519,0.0209262,0.0312352,0.043125,0.0526054,0.0622365,0.0712867,0.0820054,0.0919409,0.103488,0.112565,0.124168,0.13605,0.148086,0.157899,0.169392,0.180164,0.192722,0.205578,0.218332,0.229189,0.241397,0.254785,0.266575,0.276671,0.290689,0.304189,0.315502,0.326232,0.340183,0.35297,0.367259,0.382948,0.399345,0.411181,0.426517,0.437972,0.454199,0.467002,0.482154,0.50009,0.512863,0.528021,0.542498,0.560217,0.58263,0.595431,0.616538,0.63367,0.650709,0.668925,0.66965,0.666671,0.662315,0.663554,0.659738,0.656586,0.661434,0.658994,0.660869,0.665325,0.66106,0.664667,0.664146,0.667049,0.662652,0.659173,0.655475,0.653307,0.650335,0.64679,0.647519,0.652879,0.653883,0.657685,0.655356,0.653135,0.652069,0.655486,0.654871,0.652749,0.646048,0.64956,0.64812,0.649783,0.647539,0.650195,0.646422,0.642805,0.648505,0.655948,0.65868,0.661306,0.657129,0.658335,0.665562,0.673234,0.669002,0.669956
0.525253,0,0.0101016,0.0209175,0.0312123,0.042977,0.0523501,0.0619959,0.0710248,0.0815853,0.0912732,0.10305,0.112277,0.123768,0.136013,0.147981,0.157766,0.169227,0.17995,0.192553,0.205753,0.218731,0.22993,0.242111,0.255752,0.267308,0.277198,0.291237,0.304127,0.315368,0.326059,0.340192,0.353136,0.367568,0.382886,0.399563,0.411458,0.427521,0.439084,0.455848,0.468345,0.483557,0.501176,0.51399,0.529049,0.54259,0.560345,0.582886,0.5957,0.616468,0.634149,0.651345,0.66965,0.688139,0.685111,0.680863,0.681785,0.677787,0.674283,0.679422,0.677393,0.678825,0.682774,0.678811,0.682825,0.681992,0.685377,0.680411,0.676684,0.672329,0.670501,0.666901,0.66367,0.663927,0.669121,0.670196,0.674455,0.67168,0.669322,0.668122,0.670621,0.670025,0.669089,0.661598,0.665715,0.663988,0.665381,0.662671,0.664678,0.660459,0.656621,0.662579,0.670046,0.672875,0.676418,0.672552,0.674206,0.681966,0.689509,0.685097,0.68632
0.535354,0,0.00988709,0.0206723,0.031046,0.0427227,0.051977,0.0618246,0.0708247,0.0813466,0.0910345,0.102826,0.111968,0.123271,0.135485,0.147541,0.1573,0.1686,0.17984,0.19222,0.20549,0.218224,0.229657,0.241615,0.255312,0.266664,0.276237,0.290126,0.303431,0.314618,0.324833,0.338616,0.351537,0.366212,0.381411,0.398064,0.409996,0.425704,0.437219,0.453315,0.46606,0.481105,0.498853,0.512091,0.527007,0.540851,0.558913,0.581097,0.593829,0.614326,0.631593,0.648209,0.666671,0.685111,0.699144,0.694435,0.695011,0.690794,0.687235,0.692168,0.690604,0.692308,0.696103,0.692732,0.697049,0.696291,0.699768,0.694215,0.690548,0.686547,0.685251,0.682005,0.678641,0.678822,0.684118,0.685603,0.689191,0.686368,0.684717,0.683864,0.685416,0.684579,0.683349,0.675558,0.678822,0.67762,0.67853,0.675826,0.677867,0.673233,0.66841,0.674133,0.681007,0.684736,0.68851,0.685304,0.686976,0.694713,0.702525,0.697709,0.698621
0.545455,0,0.00963661,0.0203496,0.0306582,0.0422604,0.0515098,0.0612033,0.0701102,0.0803532,0.0902285,0.101915,0.111145,0.122327,0.134492,0.146356,0.155969,0.167564,0.178807,0.191224,0.204441,0.217038,0.228051,0.23978,0.253117,0.264493,0.274112,0.287948,0.30146,0.312554,0.322737,0.336775,0.350037,0.364451,0.37939,0.39626,0.407945,0.423711,0.435149,0.451256,0.463653,0.478666,0.495598,0.509569,0.524521,0.538095,0.555548,0.577427,0.590281,0.610501,0.628347,0.644507,0.662315,0.680863,0.694435,0.707519,0.707254,0.703086,0.699677,0.704876,0.704279,0.706224,0.709961,0.706758,0.710972,0.710511,0.714443,0.709227,0.704623,0.700653,0.700039,0.696966,0.693016,0.692512,0.698156,0.699643,0.704375,0.70105,0.69968,0.69926,0.700877,0.699321,0.698287,0.690728,0.694729,0.693465,0.694439,0.69137,0.692928,0.687962,0.684004,0.690536,0.69865,0.703507,0.707447,0.705329,0.707533,0.715349,0.724001,0.719562,0.720929
0.555556,0,0.00949491,0.0201293,0.0305705,0.0420239,0.0512038,0.060979,0.0699088,0.0802787,0.0902128,0.101599,0.110747,0.122009,0.134525,0.146347,0.155926,0.167604,0.178778,0.191209,0.204453,0.217197,0.227875,0.239608,0.252546,0.263833,0.273556,0.287395,0.300723,0.311526,0.321946,0.335788,0.348979,0.363082,0.377747,0.395026,0.406611,0.422289,0.434168,0.45042,0.4627,0.478025,0.495221,0.509151,0.5243,0.538189,0.555738,0.577944,0.590731,0.61117,0.629205,0.64522,0.663554,0.681785,0.695011,0.707254,0.722777,0.71863,0.71606,0.721795,0.720973,0.723247,0.727011,0.724102,0.728025,0.727816,0.732538,0.726261,0.721093,0.7168,0.71594,0.712737,0.708891,0.708654,0.714074,0.716311,0.721358,0.717867,0.716097,0.715229,0.717439,0.716104,0.715026,0.707447,0.711294,0.710109,0.710969,0.708068,0.709724,0.704267,0.700915,0.707345,0.715802,0.720349,0.724434,0.720931,0.723939,0.731984,0.741595,0.737284,0.738746
0.565657,0,0.00939353,0.0199245,0.0300497,0.0414202,0.0508406,0.0607417,0.0698316,0.0800607,0.0897938,0.10129,0.110396,0.121611,0.134195,0.145892,0.155497,0.16704,0.178137,0.190302,0.203286,0.215973,0.226485,0.238433,0.251005,0.262211,0.271906,0.28566,0.299027,0.309665,0.320381,0.334223,0.347313,0.361068,0.375224,0.392789,0.403829,0.419244,0.431003,0.44757,0.45965,0.474485,0.491702,0.50594,0.520963,0.534767,0.551859,0.57467,0.587805,0.608327,0.626131,0.641127,0.659738,0.677787,0.690794,0.703086,0.71863,0.732813,0.729832,0.736054,0.735862,0.738461,0.742268,0.738919,0.743064,0.74171,0.746779,0.739972,0.735085,0.730193,0.7288,0.725761,0.7219,0.721454,0.727459,0.729239,0.734724,0.731249,0.729519,0.727996,0.730833,0.730091,0.728527,0.719906,0.723667,0.72272,0.722115,0.719022,0.72057,0.715334,0.711707,0.717653,0.725733,0.729949,0.734093,0.730661,0.733896,0.742191,0.753391,0.748876,0.750791
0.575758,0,0.00930952,0.020094,0.0300285,0.0413434,0.0508628,0.0609478,0.0700719,0.0800645,0.089828,0.1013,0.110602,0.121943,0.134602,0.146469,0.156049,0.167433,0.178644,0.191148,0.204164,0.216994,0.227704,0.23987,0.252347,0.263445,0.273232,0.286963,0.300341,0.310902,0.321641,0.334952,0.347311,0.361158,0.375129,0.39303,0.403583,0.418859,0.430523,0.447027,0.459307,0.473779,0.49028,0.504123,0.518957,0.532436,0.548718,0.571241,0.584286,0.604398,0.621849,0.637292,0.656586,0.674283,0.687235,0.699677,0.71606,0.729832,0.744086,0.750165,0.750063,0.752772,0.756769,0.753807,0.757488,0.756572,0.761603,0.754864,0.749672,0.744608,0.742912,0.739805,0.735869,0.734372,0.741305,0.744127,0.749999,0.746831,0.744463,0.743407,0.74574,0.745463,0.744719,0.735251,0.738947,0.737939,0.738399,0.734539,0.735939,0.73095,0.728198,0.734226,0.743216,0.747656,0.751631,0.74787,0.751258,0.760226,0.771505,0.767009,0.768726
0.585859,0,0.00917394,0.0201193,0.0300857,0.0413549,0.0508722,0.0608712,0.0702367,0.0803837,0.0903066,0.101998,0.111469,0.12268,0.135594,0.147902,0.157658,0.169103,0.180233,0.193151,0.206281,0.219633,0.229997,0.242076,0.254681,0.266003,0.275533,0.288843,0.302154,0.312612,0.323638,0.337073,0.349235,0.363228,0.376646,0.394801,0.405205,0.420104,0.43191,0.448276,0.460874,0.476033,0.492703,0.506755,0.521741,0.535405,0.55206,0.575796,0.589194,0.60957,0.627389,0.641856,0.661434,0.679422,0.692168,0.704876,0.721795,0.736054,0.750165,0.774722,0.773719,0.777352,0.781537,0.777944,0.781929,0.78043,0.786206,0.777648,0.772917,0.768289,0.766966,0.76366,0.759543,0.757087,0.7642,0.766993,0.772502,0.769445,0.767396,0.766773,0.769838,0.770308,0.769969,0.759975,0.763159,0.762388,0.762811,0.758668,0.760192,0.756101,0.752483,0.759518,0.768834,0.773376,0.777149,0.773627,0.777711,0.787515,0.798464,0.793839,0.79516
0.59596,0,0.00908125,0.0200105,0.0298207,0.0410892,0.0505352,0.0605445,0.069935,0.0801573,0.0897656,0.101509,0.110942,0.122368,0.135513,0.147762,0.157687,0.168687,0.179727,0.192586,0.205638,0.219237,0.229362,0.241315,0.253798,0.265144,0.27459,0.287616,0.300768,0.31152,0.322707,0.336229,0.348382,0.36232,0.376064,0.394132,0.404636,0.419522,0.431278,0.447418,0.4602,0.475394,0.491593,0.505619,0.520524,0.534061,0.550161,0.573109,0.58684,0.606651,0.624455,0.639382,0.658994,0.677393,0.690604,0.704279,0.720973,0.735862,0.750063,0.773719,0.790277,0.793925,0.797882,0.795257,0.798888,0.79704,0.802673,0.794602,0.789276,0.784036,0.782434,0.778565,0.7744,0.771282,0.778414,0.781349,0.787604,0.785234,0.783307,0.782313,0.784844,0.784916,0.784326,0.773866,0.777807,0.776927,0.77746,0.773279,0.775431,0.771398,0.768457,0.775476,0.785335,0.789244,0.792231,0.789135,0.794336,0.804769,0.81616,0.812377,0.815248
0.606061,0,0.00924976,0.0201422,0.02993,0.0411235,0.0510491,0.061039,0.0704738,0.0805254,0.0900214,0.101649,0.111087,0.122379,0.135772,0.147922,0.157405,0.168417,0.179663,0.192888,0.206082,0.22002,0.229839,0.241584,0.2545,0.266201,0.275576,0.289344,0.302353,0.313286,0.324094,0.337598,0.34992,0.363869,0.377359,0.396058,0.406666,0.421338,0.433111,0.44937,0.46226,0.477463,0.493511,0.507518,0.522572,0.536075,0.551354,0.574324,0.588281,0.60808,0.62547,0.641066,0.660869,0.678825,0.692308,0.706224,0.723247,0.738461,0.752772,0.777352,0.793925,0.814708,0.818038,0.815555,0.819088,0.817645,0.823351,0.815641,0.809314,0.803541,0.801902,0.797897,0.793429,0.790155,0.798052,0.801227,0.807141,0.804214,0.801968,0.800633,0.80336,0.803295,0.802756,0.792488,0.795903,0.79459,0.795027,0.790581,0.792863,0.788845,0.785459,0.791964,0.80108,0.805659,0.808844,0.805927,0.811384,0.82224,0.834406,0.830932,0.833645
0.616162,0,0.00937713,0.0202367,0.0300426,0.0414956,0.0514911,0.0616223,0.0709885,0.0811473,0.0905149,0.102239,0.111493,0.122797,0.136084,0.148551,0.158188,0.169042,0.180506,0.193717,0.20715,0.221356,0.231155,0.243022,0.255887,0.267892,0.277553,0.290979,0.304102,0.315471,0.326472,0.339865,0.352246,0.366297,0.379939,0.398342,0.409221,0.423397,0.43564,0.452256,0.465535,0.480883,0.497142,0.510608,0.525648,0.53892,0.555144,0.57832,0.592101,0.61283,0.630033,0.645369,0.665325,0.682774,0.696103,0.709961,0.727011,0.742268,0.756769,0.781537,0.797882,0.818038,0.838641,0.835931,0.839657,0.838158,0.842991,0.835955,0.829596,0.824417,0.822411,0.818846,0.814225,0.811361,0.820289,0.823718,0.830822,0.827498,0.825341,0.824266,0.827291,0.826466,0.825912,0.814946,0.819062,0.817929,0.817991,0.813839,0.815916,0.810916,0.808604,0.815546,0.824597,0.829377,0.833105,0.829537,0.834645,0.846304,0.858862,0.856284,0.859731
0.626263,0,0.00943707,0.0202933,0.0302883,0.0415249,0.0512607,0.061289,0.0708145,0.081117,0.0902289,0.101939,0.111258,0.122416,0.135852,0.148548,0.158013,0.16871,0.180272,0.193493,0.206466,0.220367,0.230024,0.242158,0.255085,0.267036,0.276829,0.29048,0.303196,0.314168,0.324902,0.338454,0.350667,0.364751,0.378133,0.396342,0.407265,0.421583,0.433898,0.450473,0.463395,0.478548,0.495004,0.508063,0.52227,0.535631,0.551724,0.574417,0.588118,0.608798,0.625443,0.640748,0.66106,0.678811,0.692732,0.706758,0.724102,0.738919,0.753807,0.777944,0.795257,0.815555,0.835931,0.852065,0.855398,0.85374,0.858029,0.850794,0.844721,0.838693,0.836726,0.833881,0.829152,0.827231,0.836227,0.839722,0.847371,0.843583,0.840842,0.840078,0.842807,0.841942,0.841346,0.830074,0.834126,0.833287,0.832926,0.828801,0.831051,0.82487,0.822341,0.830041,0.83829,0.84335,0.848047,0.844572,0.850396,0.861259,0.874939,0.872626,0.876363
0.636364,0,0.0094051,0.0201191,0.0300673,0.0412372,0.0510478,0.0612337,0.0706073,0.0809185,0.0899543,0.101868,0.110849,0.121741,0.135166,0.147819,0.157218,0.167951,0.179822,0.193142,0.206535,0.220521,0.230198,0.242155,0.255353,0.267308,0.27722,0.290853,0.303789,0.31517,0.3261,0.339576,0.351907,0.366554,0.379902,0.398376,0.409068,0.423448,0.435843,0.452232,0.465306,0.480735,0.496773,0.509618,0.524178,0.537621,0.553699,0.577304,0.590899,0.612028,0.629451,0.644762,0.664667,0.682825,0.697049,0.710972,0.728025,0.743064,0.757488,0.781929,0.798888,0.819088,0.839657,0.855398,0.877991,0.876241,0.880668,0.872727,0.866728,0.861052,0.85895,0.857023,0.851216,0.849684,0.859738,0.863127,0.870618,0.866988,0.865192,0.865053,0.868344,0.866926,0.865794,0.853115,0.857189,0.856014,0.855611,0.851182,0.854295,0.847773,0.844436,0.852821,0.861344,0.866582,0.872307,0.867322,0.872626,0.884593,0.897929,0.896049,0.898896
0.646465,0,0.00932792,0.0199392,0.0301118,0.0414507,0.0512876,0.0613055,0.0707286,0.0811308,0.0901099,0.10213,0.111062,0.121741,0.134922,0.147428,0.156818,0.167411,0.179257,0.192628,0.205915,0.220196,0.230169,0.241654,0.255133,0.266773,0.276349,0.289914,0.302661,0.313855,0.324866,0.338526,0.350709,0.365395,0.379099,0.3978,0.408886,0.422858,0.435903,0.452633,0.466096,0.481392,0.497105,0.509863,0.524876,0.537999,0.553292,0.576497,0.590643,0.611075,0.62865,0.644567,0.664146,0.681992,0.696291,0.710511,0.727816,0.74171,0.756572,0.78043,0.79704,0.817645,0.838158,0.85374,0.876241,0.894291,0.898801,0.891081,0.884886,0.879101,0.87669,0.874092,0.867425,0.866941,0.877233,0.880857,0.888658,0.884484,0.882458,0.882699,0.885358,0.883253,0.882248,0.868558,0.873603,0.872292,0.872096,0.867306,0.870138,0.863185,0.859502,0.868119,0.876593,0.882438,0.888021,0.88441,0.889962,0.901015,0.914134,0.911693,0.914098
0.656566,0,0.00934181,0.0200031,0.0301235,0.0416008,0.051442,0.0617009,0.0709634,0.081336,0.0903019,0.10218,0.110973,0.121698,0.134986,0.147321,0.156362,0.166825,0.178658,0.191857,0.205417,0.219732,0.229513,0.241246,0.254934,0.26635,0.275681,0.289398,0.302191,0.313671,0.325058,0.338261,0.350544,0.365593,0.379,0.397816,0.409387,0.423722,0.436798,0.453859,0.467712,0.482863,0.498075,0.510884,0.525815,0.539204,0.55494,0.57862,0.593588,0.613505,0.631681,0.647435,0.667049,0.685377,0.699768,0.714443,0.732538,0.746779,0.761603,0.786206,0.802673,0.823351,0.842991,0.858029,0.880668,0.898801,0.922774,0.914129,0.907869,0.901892,0.898449,0.895902,0.889622,0.888836,0.899764,0.903639,0.911658,0.907234,0.904955,0.905366,0.908003,0.90667,0.90569,0.890624,0.896098,0.894789,0.894975,0.890599,0.892942,0.886199,0.88133,0.889942,0.899332,0.90503,0.910888,0.906818,0.91257,0.924172,0.937875,0.934992,0.937389
0.666667,0,0.00952023,0.020177,0.0305349,0.0420477,0.0516569,0.061979,0.0712002,0.0814796,0.0904404,0.102441,0.11105,0.121825,0.134905,0.146954,0.155906,0.166483,0.178378,0.19158,0.204694,0.218908,0.228521,0.240198,0.253402,0.264762,0.274097,0.287976,0.30046,0.311715,0.322863,0.335935,0.348288,0.362988,0.37653,0.395415,0.406878,0.420869,0.434031,0.450947,0.464724,0.479946,0.494532,0.506899,0.521872,0.535193,0.551153,0.573235,0.588226,0.607919,0.626825,0.642915,0.662652,0.680411,0.694215,0.709227,0.726261,0.739972,0.754864,0.777648,0.794602,0.815641,0.835955,0.850794,0.872727,0.891081,0.914129,0.925064,0.918018,0.912117,0.909672,0.907595,0.901694,0.900804,0.911841,0.916367,0.923905,0.918789,0.91617,0.916129,0.919977,0.917961,0.916432,0.902245,0.905291,0.905082,0.905974,0.90119,0.904068,0.896261,0.89194,0.900544,0.910186,0.91591,0.920959,0.91661,0.921359,0.931484,0.945301,0.942436,0.945563
0.676768,0,0.00925784,0.0199327,0.0303339,0.0418949,0.0514936,0.0618694,0.0709007,0.081155,0.0899034,0.101749,0.110365,0.121211,0.134209,0.146069,0.155088,0.165417,0.177326,0.190751,0.20384,0.217834,0.227395,0.239235,0.252726,0.263799,0.273193,0.286891,0.299117,0.310472,0.321774,0.334646,0.346733,0.361409,0.374584,0.39362,0.405078,0.419212,0.432206,0.448776,0.46244,0.477553,0.492231,0.50456,0.519012,0.532686,0.548566,0.570872,0.585873,0.60517,0.623712,0.639179,0.659173,0.676684,0.690548,0.704623,0.721093,0.735085,0.749672,0.772917,0.789276,0.809314,0.829596,0.844721,0.866728,0.884886,0.907869,0.918018,0.92916,0.922186,0.920043,0.917309,0.911754,0.911262,0.922476,0.926863,0.934214,0.928391,0.925672,0.925753,0.930422,0.928329,0.926422,0.912694,0.916268,0.916002,0.916973,0.911933,0.91397,0.905473,0.901156,0.909416,0.919269,0.925286,0.930642,0.926683,0.931041,0.940523,0.954418,0.951265,0.953157
0.686869,0,0.00917254,0.0196282,0.0299408,0.0414207,0.0508012,0.0611056,0.0701578,0.080348,0.0891289,0.100744,0.109171,0.120046,0.133055,0.14492,0.154073,0.164395,0.176494,0.189747,0.202948,0.216699,0.226078,0.237711,0.25087,0.261533,0.270938,0.284866,0.297076,0.308216,0.319384,0.332433,0.344391,0.359181,0.372903,0.391376,0.402385,0.416045,0.429109,0.445679,0.459523,0.474748,0.48917,0.501412,0.515627,0.529288,0.54518,0.567305,0.582035,0.601333,0.620522,0.635514,0.655475,0.672329,0.686547,0.700653,0.7168,0.730193,0.744608,0.768289,0.784036,0.803541,0.824417,0.838693,0.861052,0.879101,0.901892,0.912117,0.922186,0.932961,0.930626,0.928233,0.922538,0.921646,0.933714,0.938057,0.944479,0.938636,0.936447,0.937108,0.942613,0.941198,0.939663,0.924749,0.927634,0.927724,0.928215,0.922547,0.924545,0.916587,0.912228,0.920332,0.930347,0.936091,0.94249,0.938664,0.942947,0.95283,0.96714,0.963825,0.965993
0.69697,0,0.0090653,0.0194142,0.0296219,0.040793,0.0501376,0.0601794,0.0691524,0.079549,0.0881885,0.0995537,0.107824,0.118691,0.131815,0.144216,0.153322,0.164017,0.176167,0.189378,0.202623,0.216328,0.226019,0.237655,0.250706,0.260961,0.270732,0.285016,0.297322,0.308286,0.318969,0.331875,0.343566,0.358468,0.372122,0.390355,0.400892,0.413781,0.426714,0.442762,0.456593,0.471822,0.486637,0.49888,0.513059,0.527282,0.542849,0.564818,0.579012,0.597927,0.618399,0.632982,0.653307,0.670501,0.685251,0.700039,0.71594,0.7288,0.742912,0.766966,0.782434,0.801902,0.822411,0.836726,0.85895,0.87669,0.898449,0.909672,0.920043,0.930626,0.947237,0.945015,0.938977,0.93833,0.94957,0.954505,0.960787,0.953836,0.952095,0.952496,0.958341,0.955672,0.954474,0.940372,0.942843,0.941766,0.942669,0.93678,0.939524,0.931911,0.927123,0.93573,0.94477,0.95036,0.955738,0.952588,0.955936,0.964178,0.978098,0.973986,0.976739
0.707071,0,0.00879797,0.0192007,0.0293321,0.0403366,0.0492837,0.0594619,0.0685476,0.0792614,0.0879814,0.0992523,0.107493,0.118227,0.131492,0.143882,0.152612,0.163227,0.175326,0.188277,0.201879,0.215349,0.225195,0.236851,0.249622,0.259857,0.269615,0.283776,0.296315,0.307519,0.317707,0.330714,0.3424,0.357055,0.370758,0.388793,0.39933,0.412104,0.424714,0.440758,0.454481,0.469616,0.48433,0.496375,0.510591,0.524156,0.540543,0.562692,0.576329,0.595196,0.615879,0.630252,0.650335,0.666901,0.682005,0.696966,0.712737,0.725761,0.739805,0.76366,0.778565,0.797897,0.818846,0.833881,0.857023,0.874092,0.895902,0.907595,0.917309,0.928233,0.945015,0.963604,0.957383,0.956415,0.9675,0.972965,0.979084,0.972907,0.970143,0.970329,0.977005,0.97405,0.973043,0.958122,0.960254,0.959258,0.959696,0.955076,0.956969,0.94882,0.943669,0.951193,0.959126,0.965446,0.972917,0.969927,0.972972,0.981755,0.996941,0.99208,0.995023
0.717172,0,0.00864375,0.0191797,0.0292611,0.040122,0.0492277,0.0593038,0.0683119,0.0789079,0.0875821,0.0988877,0.107333,0.117913,0.131188,0.143377,0.151756,0.162226,0.174067,0.187,0.200592,0.214055,0.223906,0.235505,0.248228,0.258469,0.268155,0.282132,0.294238,0.305427,0.315588,0.328215,0.339612,0.354405,0.368316,0.385716,0.39613,0.409195,0.421908,0.438275,0.451607,0.466503,0.480655,0.492501,0.506311,0.519479,0.535952,0.558467,0.572409,0.591076,0.611675,0.626662,0.64679,0.66367,0.678641,0.693016,0.708891,0.7219,0.735869,0.759543,0.7744,0.793429,0.814225,0.829152,0.851216,0.867425,0.889622,0.901694,0.911754,0.922538,0.938977,0.957383,0.971589,0.970243,0.980824,0.986122,0.992839,0.986767,0.98346,0.982743,0.990026,0.986128,0.984792,0.969091,0.971817,0.970858,0.971011,0.96661,0.969319,0.960745,0.955979,0.961874,0.969594,0.974874,0.982988,0.979614,0.981601,0.989548,1.00479,0.999844,1.00292
0.727273,0,0.00856014,0.0189672,0.0290238,0.0398465,0.048994,0.0590574,0.0676019,0.0785089,0.0869764,0.0984635,0.106909,0.117926,0.131258,0.143375,0.151835,0.162161,0.173968,0.186796,0.200407,0.213844,0.223889,0.235663,0.248322,0.258323,0.267711,0.282047,0.293741,0.305102,0.315416,0.327764,0.339314,0.354237,0.368452,0.386747,0.397153,0.410422,0.423159,0.439329,0.452614,0.467403,0.481719,0.493431,0.507284,0.520072,0.536656,0.558998,0.573378,0.591754,0.612738,0.627466,0.647519,0.663927,0.678822,0.692512,0.708654,0.721454,0.734372,0.757087,0.771282,0.790155,0.811361,0.827231,0.849684,0.866941,0.888836,0.900804,0.911262,0.921646,0.93833,0.956415,0.970243,0.987897,0.998317,1.00282,1.0097,1.00254,0.999252,0.998429,1.0058,1.00252,1.00044,0.985181,0.987965,0.987367,0.987116,0.983155,0.986886,0.977649,0.973364,0.979396,0.986246,0.991919,0.999731,0.995257,0.9985,1.00593,1.02009,1.01488,1.01767
0.737374,0,0.0087897,0.0192299,0.0292348,0.040082,0.049256,0.0592956,0.0679358,0.0789149,0.0872845,0.0990608,0.107714,0.118803,0.131741,0.14369,0.152527,0.16289,0.175061,0.187495,0.201607,0.215111,0.225333,0.23696,0.249662,0.259664,0.268916,0.283542,0.295256,0.30689,0.31758,0.33034,0.341916,0.35673,0.370982,0.389527,0.399803,0.413351,0.426235,0.442815,0.456514,0.471655,0.486346,0.498189,0.51168,0.52392,0.540473,0.562721,0.577356,0.595605,0.616947,0.632045,0.652879,0.669121,0.684118,0.698156,0.714074,0.727459,0.741305,0.7642,0.778414,0.798052,0.820289,0.836227,0.859738,0.877233,0.899764,0.911841,0.922476,0.933714,0.94957,0.9675,0.980824,0.998317,1.02866,1.03371,1.03983,1.03265,1.02945,1.02878,1.03641,1.03362,1.03148,1.01382,1.01704,1.01745,1.01797,1.01366,1.01737,1.00752,1.00192,1.00884,1.01662,1.02202,1.03039,1.02637,1.0302,1.03826,1.05339,1.04741,1.0505
0.747475,0,0.00884289,0.0192275,0.0291923,0.0398836,0.0491932,0.0592328,0.0680944,0.079395,0.0875805,0.0994978,0.108342,0.119495,0.132571,0.144629,0.153424,0.163712,0.175943,0.188169,0.202793,0.216439,0.226773,0.238431,0.25119,0.261239,0.270347,0.284941,0.296435,0.307824,0.31864,0.331235,0.343028,0.357938,0.372333,0.390937,0.401562,0.414829,0.428092,0.444254,0.458086,0.473431,0.487602,0.499361,0.512439,0.524899,0.540594,0.562739,0.577386,0.59572,0.617455,0.633018,0.653883,0.670196,0.685603,0.699643,0.716311,0.729239,0.744127,0.766993,0.781349,0.801227,0.823718,0.839722,0.863127,0.880857,0.903639,0.916367,0.926863,0.938057,0.954505,0.972965,0.986122,1.00282,1.03371,1.05775,1.06447,1.05673,1.05262,1.05167,1.0598,1.05711,1.05485,1.03542,1.03799,1.0376,1.0386,1.03396,1.03774,1.02776,1.02197,1.02953,1.03741,1.04294,1.05112,1.04767,1.0515,1.05922,1.07405,1.06691,1.06971
0.757576,0,0.00862077,0.0190389,0.0291847,0.0395179,0.0490459,0.0587935,0.0676338,0.0787706,0.0871786,0.099174,0.108258,0.11976,0.132906,0.145313,0.153802,0.163975,0.176316,0.18867,0.2034,0.216793,0.227096,0.239104,0.252048,0.262475,0.27158,0.286589,0.298152,0.309862,0.32104,0.333679,0.346133,0.360782,0.375858,0.395033,0.405717,0.419357,0.432325,0.449379,0.462955,0.478015,0.491671,0.503634,0.516947,0.528561,0.543933,0.566453,0.581509,0.599953,0.621332,0.636754,0.657685,0.674455,0.689191,0.704375,0.721358,0.734724,0.749999,0.772502,0.787604,0.807141,0.830822,0.847371,0.870618,0.888658,0.911658,0.923905,0.934214,0.944479,0.960787,0.979084,0.992839,1.0097,1.03983,1.06447,1.09294,1.08445,1.08012,1.07846,1.08647,1.08361,1.08038,1.06185,1.06475,1.06421,1.06512,1.06083,1.06461,1.05353,1.04796,1.05651,1.06583,1.07201,1.0785,1.07593,1.08089,1.08935,1.10493,1.09955,1.10205
0.767677,0,0.00847562,0.018802,0.0289578,0.0395364,0.0489909,0.0586395,0.0672112,0.0785201,0.0869804,0.0989255,0.107996,0.119614,0.132472,0.144475,0.153106,0.163189,0.175414,0.187923,0.202669,0.215897,0.225898,0.237597,0.250484,0.260643,0.269746,0.284519,0.296114,0.307924,0.318981,0.331253,0.343349,0.357909,0.372942,0.391724,0.402142,0.415655,0.428748,0.445982,0.459133,0.47422,0.488146,0.500055,0.513185,0.524585,0.540388,0.563593,0.578607,0.597851,0.619019,0.634227,0.655356,0.67168,0.686368,0.70105,0.717867,0.731249,0.746831,0.769445,0.785234,0.804214,0.827498,0.843583,0.866988,0.884484,0.907234,0.918789,0.928391,0.938636,0.953836,0.972907,0.986767,1.00254,1.03265,1.05673,1.08445,1.09642,1.09238,1.09061,1.09799,1.09501,1.09269,1.07354,1.07683,1.07583,1.07661,1.07185,1.07694,1.06667,1.0621,1.07027,1.07894,1.08513,1.0927,1.09055,1.09591,1.10456,1.11989,1.11409,1.11779
0.777778,0,0.0087383,0.0190403,0.0291255,0.0398179,0.0490922,0.0585039,0.0670336,0.0784376,0.0871112,0.0986706,0.107983,0.119567,0.13212,0.144012,0.152872,0.162779,0.175309,0.187545,0.20209,0.215242,0.225244,0.236888,0.249599,0.259804,0.268794,0.283557,0.294795,0.306755,0.317322,0.330059,0.342068,0.356975,0.372087,0.39087,0.401233,0.414407,0.427458,0.443968,0.456949,0.471998,0.486327,0.498239,0.510996,0.521949,0.538056,0.561516,0.576718,0.596579,0.61755,0.632217,0.653135,0.669322,0.684717,0.69968,0.716097,0.729519,0.744463,0.767396,0.783307,0.801968,0.825341,0.840842,0.865192,0.882458,0.904955,0.91617,0.925672,0.936447,0.952095,0.970143,0.98346,0.999252,1.02945,1.05262,1.08012,1.09238,1.10896,1.10683,1.11538,1.11325,1.10993,1.08914,1.09284,1.09261,1.0934,1.08702,1.09246,1.08234,1.07805,1.086,1.09608,1.10129,1.10881,1.10432,1.10936,1.11786,1.13434,1.12945,1.13281
0.787879,0,0.00883427,0.018933,0.0289805,0.0396927,0.0488014,0.0584089,0.066797,0.0782617,0.0871367,0.098801,0.108023,0.119488,0.132008,0.143579,0.152686,0.162848,0.175493,0.187681,0.202067,0.214879,0.225006,0.236397,0.249444,0.259713,0.268223,0.282662,0.294141,0.305612,0.316356,0.32919,0.341007,0.356156,0.370946,0.389339,0.40014,0.413688,0.427143,0.443282,0.456387,0.471319,0.485424,0.497063,0.509713,0.520827,0.536617,0.560107,0.575225,0.595003,0.615801,0.631118,0.652069,0.668122,0.683864,0.69926,0.715229,0.727996,0.743407,0.766773,0.782313,0.800633,0.824266,0.840078,0.865053,0.882699,0.905366,0.916129,0.925753,0.937108,0.952496,0.970329,0.982743,0.998429,1.02878,1.05167,1.07846,1.09061,1.10683,1.12571,1.13427,1.13173,1.1287,1.10641,1.10896,1.10962,1.11177,1.10445,1.10961,1.09914,1.09463,1.10439,1.11455,1.11988,1.12827,1.12387,1.12799,1.13747,1.15232,1.14789,1.15124
0.79798,0,0.00923452,0.0194576,0.0296588,0.0401891,0.0493144,0.0588668,0.067335,0.0788736,0.0876501,0.099301,0.108503,0.119673,0.131972,0.143633,0.152951,0.163008,0.175541,0.187685,0.202381,0.215046,0.224975,0.236281,0.249133,0.259602,0.268294,0.282492,0.29406,0.305453,0.31648,0.329132,0.340635,0.35547,0.370308,0.388971,0.399709,0.412672,0.426376,0.442673,0.456111,0.472427,0.487026,0.499012,0.5115,0.522098,0.538358,0.561674,0.576853,0.597425,0.618791,0.634595,0.655486,0.670621,0.685416,0.700877,0.717439,0.730833,0.74574,0.769838,0.784844,0.80336,0.827291,0.842807,0.868344,0.885358,0.908003,0.919977,0.930422,0.942613,0.958341,0.977005,0.990026,1.0058,1.03641,1.0598,1.08647,1.09799,1.11538,1.13427,1.16379,1.16086,1.15796,1.13387,1.13542,1.13578,1.13855,1.1315,1.13701,1.1265,1.1236,1.13363,1.14431,1.15025,1.15853,1.15333,1.15672,1.16703,1.18178,1.17736,1.17983
0.808081,0,0.0091751,0.0193232,0.02955,0.0399333,0.0488973,0.0585229,0.0669954,0.0784041,0.0870994,0.0984522,0.108109,0.119366,0.131427,0.142855,0.151864,0.161968,0.174564,0.186934,0.201192,0.213661,0.223756,0.235189,0.247891,0.258649,0.267221,0.281253,0.293245,0.304887,0.315535,0.328662,0.340087,0.354799,0.370144,0.389104,0.399909,0.4128,0.426413,0.442516,0.455949,0.472364,0.487263,0.499808,0.512245,0.522642,0.538449,0.562442,0.577199,0.597709,0.619144,0.634301,0.654871,0.670025,0.684579,0.699321,0.716104,0.730091,0.745463,0.770308,0.784916,0.803295,0.826466,0.841942,0.866926,0.883253,0.90667,0.917961,0.928329,0.941198,0.955672,0.97405,0.986128,1.00252,1.03362,1.05711,1.08361,1.09501,1.11325,1.13173,1.16086,1.17895,1.1751,1.15049,1.15146,1.15233,1.15497,1.14755,1.15257,1.14238,1.13916,1.14918,1.16062,1.16733,1.17538,1.17078,1.17516,1.18672,1.20115,1.19706,1.19908
0.818182,0,0.00909554,0.0190512,0.0294421,0.0394104,0.0481767,0.0578427,0.0663162,0.077712,0.0861411,0.0976091,0.107039,0.118002,0.130183,0.14165,0.15065,0.160773,0.173303,0.185343,0.199588,0.212347,0.222233,0.233688,0.246298,0.256547,0.265256,0.279297,0.291643,0.303635,0.313981,0.327495,0.338649,0.353592,0.368624,0.388234,0.399408,0.41259,0.426039,0.442137,0.455867,0.472064,0.486604,0.499384,0.51136,0.521359,0.536903,0.56073,0.575488,0.595467,0.617005,0.632311,0.652749,0.669089,0.683349,0.698287,0.715026,0.728527,0.744719,0.769969,0.784326,0.802756,0.825912,0.841346,0.865794,0.882248,0.90569,0.916432,0.926422,0.939663,0.954474,0.973043,0.984792,1.00044,1.03148,1.05485,1.08038,1.09269,1.10993,1.1287,1.15796,1.1751,1.19321,1.16912,1.1714,1.17096,1.17376,1.16621,1.16996,1.16066,1.15788,1.16951,1.18145,1.18889,1.19729,1.193,1.1979,1.20926,1.2243,1.21975,1.22066
0.828283,0,0.00862525,0.0188901,0.029432,0.0392978,0.0480277,0.0575684,0.0662042,0.0772991,0.0857692,0.097017,0.106135,0.117085,0.129414,0.140396,0.149075,0.159174,0.171615,0.183605,0.197616,0.210148,0.219767,0.23138,0.243851,0.253774,0.262807,0.276857,0.289805,0.302007,0.311777,0.324882,0.336007,0.351081,0.365866,0.385273,0.396368,0.409904,0.423018,0.438925,0.45273,0.468907,0.482833,0.495991,0.507735,0.517944,0.532713,0.556531,0.571202,0.590272,0.611238,0.625519,0.646048,0.661598,0.675558,0.690728,0.707447,0.719906,0.735251,0.759975,0.773866,0.792488,0.814946,0.830074,0.853115,0.868558,0.890624,0.902245,0.912694,0.924749,0.940372,0.958122,0.969091,0.985181,1.01382,1.03542,1.06185,1.07354,1.08914,1.10641,1.13387,1.15049,1.16912,1.16971,1.17108,1.17045,1.17371,1.1671,1.17037,1.15987,1.15827,1.1708,1.18379,1.19235,1.19831,1.19411,1.20144,1.21119,1.22589,1.22214,1.22156
0.838384,0,0.00858254,0.0188664,0.0294513,0.0391358,0.0478552,0.0574737,0.0657262,0.0769635,0.0853108,0.0963929,0.105594,0.1166,0.129119,0.139945,0.148767,0.158948,0.171856,0.18423,0.19843,0.211023,0.220832,0.232492,0.245564,0.255826,0.264877,0.278677,0.291751,0.303828,0.314068,0.327418,0.338699,0.353528,0.367983,0.387519,0.398633,0.412949,0.42618,0.442817,0.455984,0.472143,0.48617,0.499898,0.511335,0.521102,0.535334,0.560239,0.57505,0.593424,0.614652,0.629183,0.64956,0.665715,0.678822,0.694729,0.711294,0.723667,0.738947,0.763159,0.777807,0.795903,0.819062,0.834126,0.857189,0.873603,0.896098,0.905291,0.916268,0.927634,0.942843,0.960254,0.971817,0.987965,1.01704,1.03799,1.06475,1.07683,1.09284,1.10896,1.13542,1.15146,1.1714,1.17108,1.19379,1.19214,1.19349,1.1866,1.19097,1.18076,1.18047,1.19316,1.20688,1.21601,1.22126,1.21668,1.22438,1.23415,1.24994,1.2464,1.24653
0.848485,0,0.00846847,0.0188751,0.0293155,0.039017,0.0477839,0.0573716,0.0656738,0.0767649,0.0853821,0.0964631,0.105893,0.116846,0.129139,0.13973,0.148902,0.158778,0.171608,0.183956,0.198227,0.210921,0.220328,0.231993,0.245016,0.255179,0.263945,0.277287,0.29024,0.302327,0.312557,0.326395,0.337571,0.35216,0.36671,0.386047,0.396982,0.410972,0.424457,0.441281,0.45415,0.470527,0.484259,0.497477,0.509068,0.518973,0.534202,0.559035,0.573722,0.592769,0.614048,0.628268,0.64812,0.663988,0.67762,0.693465,0.710109,0.72272,0.737939,0.762388,0.776927,0.79459,0.817929,0.833287,0.856014,0.872292,0.894789,0.905082,0.916002,0.927724,0.941766,0.959258,0.970858,0.987367,1.01745,1.0376,1.06421,1.07583,1.09261,1.10962,1.13578,1.15233,1.17096,1.17045,1.19214,1.21191,1.21373,1.20503,1.20856,1.1975,1.19708,1.21073,1.22647,1.2358,1.24092,1.23724,1.24466,1.2553,1.27055,1.26765,1.26948
0.858586,0,0.00838312,0.0187872,0.028901,0.0386233,0.0471313,0.056814,0.0650801,0.0760378,0.084938,0.0964249,0.106009,0.116711,0.128759,0.139427,0.148842,0.158609,0.171371,0.183671,0.197892,0.210403,0.220152,0.231902,0.24472,0.25483,0.263778,0.277085,0.290039,0.302461,0.312406,0.326063,0.337119,0.352265,0.367006,0.38679,0.397843,0.411777,0.425467,0.442248,0.4553,0.471756,0.485078,0.498372,0.509505,0.519318,0.534754,0.559476,0.574435,0.594458,0.615361,0.629759,0.649783,0.665381,0.67853,0.694439,0.710969,0.722115,0.738399,0.762811,0.77746,0.795027,0.817991,0.832926,0.855611,0.872096,0.894975,0.905974,0.916973,0.928215,0.942669,0.959696,0.971011,0.987116,1.01797,1.0386,1.06512,1.07661,1.0934,1.11177,1.13855,1.15497,1.17376,1.17371,1.19349,1.21373,1.23807,1.22863,1.23226,1.22024,1.21883,1.23166,1.24853,1.25763,1.26201,1.25902,1.26645,1.27717,1.29221,1.28886,1.28983
0.868687,0,0.00814588,0.0184962,0.0286588,0.0385065,0.0469563,0.0570433,0.0651842,0.0760027,0.0847511,0.0962433,0.105613,0.11654,0.128344,0.139158,0.148403,0.158219,0.170942,0.183056,0.197026,0.209699,0.219716,0.230911,0.243251,0.253537,0.262051,0.275394,0.289008,0.301085,0.31131,0.324719,0.336396,0.352228,0.366993,0.387151,0.398518,0.412271,0.425537,0.441881,0.455231,0.471174,0.485195,0.498716,0.509828,0.519453,0.533831,0.557862,0.572276,0.591768,0.613344,0.628113,0.647539,0.662671,0.675826,0.69137,0.708068,0.719022,0.734539,0.758668,0.773279,0.790581,0.813839,0.828801,0.851182,0.867306,0.890599,0.90119,0.911933,0.922547,0.93678,0.955076,0.96661,0.983155,1.01366,1.03396,1.06083,1.07185,1.08702,1.10445,1.1315,1.14755,1.16621,1.1671,1.1866,1.20503,1.22863,1.24207,1.24615,1.23483,1.23218,1.24617,1.26143,1.27077,1.27401,1.271,1.27892,1.29099,1.3058,1.30254,1.30281
0.878788,0,0.00830299,0.0185447,0.0290522,0.0388868,0.0473899,0.0577277,0.066028,0.0769537,0.0857222,0.0972306,0.106588,0.117531,0.129524,0.140164,0.149169,0.158821,0.172054,0.184364,0.198472,0.211298,0.221483,0.232741,0.244602,0.254972,0.263381,0.2766,0.289772,0.301875,0.312074,0.325144,0.336829,0.353134,0.367795,0.387984,0.39964,0.413366,0.42649,0.442895,0.456152,0.471953,0.486489,0.499743,0.511259,0.52201,0.536231,0.559753,0.574603,0.59446,0.6159,0.630629,0.650195,0.664678,0.677867,0.692928,0.709724,0.72057,0.735939,0.760192,0.775431,0.792863,0.815916,0.831051,0.854295,0.870138,0.892942,0.904068,0.91397,0.924545,0.939524,0.956969,0.969319,0.986886,1.01737,1.03774,1.06461,1.07694,1.09246,1.10961,1.13701,1.15257,1.16996,1.17037,1.19097,1.20856,1.23226,1.24615,1.27291,1.2621,1.26117,1.27692,1.29164,1.30051,1.30273,1.29917,1.30675,1.31906,1.33259,1.32926,1.33064
0.888889,0,0.00819795,0.0183815,0.0289871,0.0387394,0.0470901,0.0573893,0.0655428,0.076355,0.0850025,0.0963331,0.105687,0.11664,0.128535,0.138982,0.14756,0.157432,0.170339,0.182859,0.197133,0.209986,0.22042,0.231535,0.243277,0.253813,0.262081,0.275249,0.288213,0.300566,0.310951,0.323706,0.335301,0.351187,0.365817,0.385839,0.397404,0.41139,0.42432,0.440082,0.453348,0.468876,0.483483,0.496394,0.508061,0.519557,0.533772,0.557427,0.571524,0.59166,0.612817,0.62686,0.646422,0.660459,0.673233,0.687962,0.704267,0.715334,0.73095,0.756101,0.771398,0.788845,0.810916,0.82487,0.847773,0.863185,0.886199,0.896261,0.905473,0.916587,0.931911,0.94882,0.960745,0.977649,1.00752,1.02776,1.05353,1.06667,1.08234,1.09914,1.1265,1.14238,1.16066,1.15987,1.18076,1.1975,1.22024,1.23483,1.2621,1.2722,1.27109,1.28652,1.3009,1.30923,1.31148,1.30865,1.31559,1.32811,1.34146,1.33801,1.33914
0.89899,0,0.00818834,0.0182381,0.0291233,0.038881,0.0471938,0.0572392,0.0652828,0.0759617,0.0846315,0.0956097,0.104813,0.115666,0.127579,0.137781,0.145994,0.155806,0.16878,0.181508,0.195803,0.208404,0.218817,0.230243,0.241824,0.252004,0.260615,0.273616,0.286711,0.299265,0.309437,0.322143,0.333607,0.349446,0.363131,0.382454,0.393273,0.407822,0.4207,0.437027,0.449753,0.465713,0.480546,0.493612,0.505294,0.516103,0.530257,0.5537,0.567888,0.58834,0.609222,0.622635,0.642805,0.656621,0.66841,0.684004,0.700915,0.711707,0.728198,0.752483,0.768457,0.785459,0.808604,0.822341,0.844436,0.859502,0.88133,0.89194,0.901156,0.912228,0.927123,0.943669,0.955979,0.973364,1.00192,1.02197,1.04796,1.0621,1.07805,1.09463,1.1236,1.13916,1.15788,1.15827,1.18047,1.19708,1.21883,1.23218,1.26117,1.27109,1.29557,1.31165,1.32583,1.33498,1.33571,1.33363,1.34212,1.35476,1.3669,1.36522,1.36614
0.909091,0,0.00839962,0.0184298,0.0290965,0.0389979,0.0474879,0.0577011,0.065707,0.0764019,0.0853082,0.0963109,0.105767,0.116931,0.128611,0.138935,0.147244,0.157377,0.170682,0.183653,0.198242,0.210949,0.221616,0.233227,0.244655,0.254951,0.263698,0.276629,0.290699,0.303374,0.313688,0.326564,0.337702,0.35372,0.366733,0.385727,0.397384,0.412208,0.425563,0.442753,0.455166,0.471243,0.486407,0.499162,0.511601,0.521849,0.535552,0.558804,0.573451,0.592916,0.613877,0.627757,0.648505,0.662579,0.674133,0.690536,0.707345,0.717653,0.734226,0.759518,0.775476,0.791964,0.815546,0.830041,0.852821,0.868119,0.889942,0.900544,0.909416,0.920332,0.93573,0.951193,0.961874,0.979396,1.00884,1.02953,1.05651,1.07027,1.086,1.10439,1.13363,1.14918,1.16951,1.1708,1.19316,1.21073,1.23166,1.24617,1.27692,1.28652,1.31165,1.35609,1.36997,1.38048,1.37945,1.3805,1.3921,1.40743,1.41866,1.41756,1.41836
0.919192,0,0.00853969,0.0188134,0.0293691,0.0394195,0.0480793,0.0581464,0.0663612,0.0769423,0.0865552,0.0974972,0.107014,0.11835,0.129878,0.140519,0.148806,0.158881,0.172098,0.184697,0.199031,0.211809,0.222675,0.234382,0.246044,0.256563,0.265366,0.278278,0.29257,0.305484,0.316029,0.329147,0.340441,0.356874,0.369885,0.389851,0.402487,0.416654,0.429113,0.446466,0.459495,0.476154,0.490705,0.504301,0.517409,0.52787,0.541641,0.5651,0.579825,0.599228,0.620096,0.634548,0.655948,0.670046,0.681007,0.69865,0.715802,0.725733,0.743216,0.768834,0.785335,0.80108,0.824597,0.83829,0.861344,0.876593,0.899332,0.910186,0.919269,0.930347,0.94477,0.959126,0.969594,0.986246,1.01662,1.03741,1.06583,1.07894,1.09608,1.11455,1.14431,1.16062,1.18145,1.18379,1.20688,1.22647,1.24853,1.26143,1.29164,1.3009,1.32583,1.36997,1.40947,1.41917,1.41641,1.41631,1.42754,1.44404,1.45811,1.45921,1.46051
0.929293,0,0.00836947,0.01846,0.0292638,0.0390393,0.047651,0.0578862,0.0662703,0.0768891,0.0865449,0.0973534,0.106921,0.118292,0.130057,0.140629,0.148838,0.158818,0.172189,0.18502,0.199707,0.212571,0.223839,0.235752,0.2475,0.258263,0.266956,0.279879,0.294497,0.307575,0.318749,0.331938,0.342938,0.35908,0.372307,0.392219,0.404868,0.419691,0.431866,0.449628,0.462345,0.478948,0.493573,0.507081,0.520326,0.530281,0.543918,0.567351,0.582096,0.601479,0.622403,0.637178,0.65868,0.672875,0.684736,0.703507,0.720349,0.729949,0.747656,0.773376,0.789244,0.805659,0.829377,0.84335,0.866582,0.882438,0.90503,0.91591,0.925286,0.936091,0.95036,0.965446,0.974874,0.991919,1.02202,1.04294,1.07201,1.08513,1.10129,1.11988,1.15025,1.16733,1.18889,1.19235,1.21601,1.2358,1.25763,1.27077,1.30051,1.30923,1.33498,1.38048,1.41917,1.45045,1.4475,1.44838,1.46031,1.4762,1.49041,1.49035,1.49037
0.939394,0,0.00841143,0.0186911,0.0294216,0.0392533,0.0478487,0.0578835,0.0663074,0.0770906,0.0868614,0.0976766,0.106832,0.118212,0.130286,0.140742,0.149028,0.159233,0.172835,0.185698,0.200054,0.21301,0.224356,0.236026,0.247139,0.257673,0.266562,0.279231,0.293183,0.306239,0.317568,0.330518,0.341648,0.357605,0.37136,0.390678,0.402941,0.417604,0.430341,0.448311,0.461173,0.477814,0.492433,0.505815,0.518877,0.528477,0.54204,0.565928,0.581754,0.602296,0.624375,0.639884,0.661306,0.676418,0.68851,0.707447,0.724434,0.734093,0.751631,0.777149,0.792231,0.808844,0.833105,0.848047,0.872307,0.888021,0.910888,0.920959,0.930642,0.94249,0.955738,0.972917,0.982988,0.999731,1.03039,1.05112,1.0785,1.0927,1.10881,1.12827,1.15853,1.17538,1.19729,1.19831,1.22126,1.24092,1.26201,1.27401,1.30273,1.31148,1.33571,1.37945,1.41641,1.4475,1.47209,1.47299,1.48186,1.49732,1.51119,1.50948,1.51087
0.949495,0,0.00840248,0.0186866,0.029506,0.0391522,0.0478545,0.0574233,0.0660361,0.0763311,0.0859895,0.0969408,0.106067,0.117375,0.129554,0.139927,0.148149,0.158472,0.172051,0.184842,0.199101,0.211846,0.223175,0.235059,0.245581,0.256192,0.265215,0.277521,0.291822,0.304631,0.316255,0.329189,0.340172,0.356051,0.369577,0.387991,0.40048,0.415072,0.427694,0.446261,0.458727,0.475018,0.489926,0.503499,0.516681,0.526023,0.53937,0.562527,0.578592,0.598816,0.620074,0.636331,0.657129,0.672552,0.685304,0.705329,0.720931,0.730661,0.74787,0.773627,0.789135,0.805927,0.829537,0.844572,0.867322,0.88441,0.906818,0.91661,0.926683,0.938664,0.952588,0.969927,0.979614,0.995257,1.02637,1.04767,1.07593,1.09055,1.10432,1.12387,1.15333,1.17078,1.193,1.19411,1.21668,1.23724,1.25902,1.271,1.29917,1.30865,1.33363,1.3805,1.41631,1.44838,1.47299,1.49896,1.51031,1.52618,1.54018,1.53774,1.53944
0.959596,0,0.0081905,0.0184856,0.0294627,0.0389211,0.0477068,0.0568926,0.0658918,0.0763124,0.0859363,0.0966411,0.10561,0.117247,0.129387,0.139792,0.148392,0.158555,0.172284,0.185466,0.1999,0.21267,0.223672,0.235827,0.247064,0.25836,0.267264,0.279319,0.294348,0.306937,0.318407,0.331193,0.342477,0.35872,0.371886,0.390669,0.403058,0.418056,0.430752,0.449826,0.462498,0.47922,0.494079,0.508427,0.521825,0.531084,0.543748,0.566872,0.581882,0.601122,0.621965,0.637026,0.658335,0.674206,0.686976,0.707533,0.723939,0.733896,0.751258,0.777711,0.794336,0.811384,0.834645,0.850396,0.872626,0.889962,0.91257,0.921359,0.931041,0.942947,0.955936,0.972972,0.981601,0.9985,1.0302,1.0515,1.08089,1.09591,1.10936,1.12799,1.15672,1.17516,1.1979,1.20144,1.22438,1.24466,1.26645,1.27892,1.30675,1.31559,1.34212,1.3921,1.42754,1.46031,1.48186,1.51031,1.54914,1.56591,1.58019,1.5813,1.58214
0.969697,0,0.00817877,0.0181925,0.0289344,0.0384342,0.0472856,0.0566555,0.0660276,0.0767086,0.0867054,0.0971221,0.105804,0.117212,0.129255,0.139527,0.148328,0.158681,0.172927,0.186434,0.201075,0.214355,0.225593,0.237725,0.249143,0.260726,0.269335,0.281303,0.297145,0.309753,0.321537,0.33506,0.346499,0.363113,0.375537,0.394037,0.406611,0.421816,0.434563,0.454028,0.467015,0.484191,0.499497,0.513996,0.527812,0.536678,0.549672,0.573534,0.588688,0.608693,0.629263,0.644534,0.665562,0.681966,0.694713,0.715349,0.731984,0.742191,0.760226,0.787515,0.804769,0.82224,0.846304,0.861259,0.884593,0.901015,0.924172,0.931484,0.940523,0.95283,0.964178,0.981755,0.989548,1.00593,1.03826,1.05922,1.08935,1.10456,1.11786,1.13747,1.16703,1.18672,1.20926,1.21119,1.23415,1.2553,1.27717,1.29099,1.31906,1.32811,1.35476,1.40743,1.44404,1.4762,1.49732,1.52618,1.56591,1.60959,1.62418,1.62754,1.62875
0.979798,0,0.00834429,0.0184576,0.0294217,0.038822,0.0477925,0.0571472,0.0666926,0.0773875,0.0874972,0.0976965,0.106848,0.118097,0.130275,0.140504,0.149263,0.159545,0.173888,0.187148,0.201676,0.215059,0.226353,0.238605,0.249808,0.262062,0.270913,0.282991,0.299155,0.312283,0.323694,0.337417,0.349079,0.365697,0.378511,0.397782,0.410621,0.426266,0.439293,0.459635,0.473024,0.490195,0.505478,0.519933,0.533554,0.541853,0.555001,0.579326,0.594044,0.614294,0.635768,0.652026,0.673234,0.689509,0.702525,0.724001,0.741595,0.753391,0.771505,0.798464,0.81616,0.834406,0.858862,0.874939,0.897929,0.914134,0.937875,0.945301,0.954418,0.96714,0.978098,0.996941,1.00479,1.02009,1.05339,1.07405,1.10493,1.11989,1.13434,1.15232,1.18178,1.20115,1.2243,1.22589,1.24994,1.27055,1.29221,1.3058,1.33259,1.34146,1.3669,1.41866,1.45811,1.49041,1.51119,1.54018,1.58019,1.62418,1.66404,1.66715,1.66923
0.989899,0,0.00821001,0.0181099,0.0289855,0.0381574,0.047147,0.0564535,0.0659342,0.0766551,0.0867493,0.0966298,0.10569,0.11705,0.129075,0.13908,0.147344,0.157472,0.171976,0.185492,0.200053,0.213099,0.224135,0.236094,0.247997,0.260858,0.269847,0.281271,0.297947,0.311828,0.323143,0.337063,0.349168,0.365554,0.378416,0.397475,0.40996,0.426181,0.438471,0.459169,0.472968,0.490398,0.505295,0.519733,0.533358,0.541007,0.553918,0.578378,0.591968,0.611492,0.632496,0.647308,0.669002,0.685097,0.697709,0.719562,0.737284,0.748876,0.767009,0.793839,0.812377,0.830932,0.856284,0.872626,0.896049,0.911693,0.934992,0.942436,0.951265,0.963825,0.973986,0.99208,0.999844,1.01488,1.04741,1.06691,1.09955,1.11409,1.12945,1.14789,1.17736,1.19706,1.21975,1.22214,1.2464,1.26765,1.28886,1.30254,1.32926,1.33801,1.36522,1.41756,1.45921,1.49035,1.50948,1.53774,1.5813,1.62754,1.66715,1.69608,1.69922
1,0,0.00847745,0.0180837,0.0291257,0.0383861,0.0477487,0.0571347,0.0663976,0.0773242,0.0874655,0.0972732,0.1065,0.117872,0.130098,0.139898,0.147952,0.158143,0.172747,0.185971,0.200417,0.213217,0.224421,0.23612,0.247738,0.26062,0.269452,0.280678,0.297559,0.311489,0.323167,0.337389,0.349476,0.365669,0.379115,0.397808,0.410344,0.426121,0.438558,0.459035,0.472656,0.489797,0.504903,0.519317,0.533452,0.54113,0.554318,0.578113,0.592207,0.611916,0.633342,0.648375,0.669956,0.68632,0.698621,0.720929,0.738746,0.750791,0.768726,0.79516,0.815248,0.833645,0.859731,0.876363,0.898896,0.914098,0.937389,0.945563,0.953157,0.965993,0.976739,0.995023,1.00292,1.01767,1.0505,1.06971,1.10205,1.11779,1.13281,1.15124,1.17983,1.19908,1.22066,1.22156,1.24653,1.26948,1.28983,1.30281,1.33064,1.33914,1.36614,1.41836,1.46051,1.49037,1.51087,1.53944,1.58214,1.62875,1.66923,1.69922,1.7271
